London,London
ABWD,ABW
ABER,ABE
ABRCYNS,ACY
ABDARE,ABA
ABRDEEN,ABD
ABDO,AUR
ABDVY,AVY
ABRE,ABH
ABRGVNY,AGV
ABGLELE,AGL
ABRYSTH,AYW
MNCRAMM,AMM
ACRNGTN,ACR
ACHANLT,AAT
ACHNSHN,ACN
ACHHSHL,ACH
ACKLNGT,ACK
ACLE,ACL
ACOCKSG,ACG
ACBG,ACB
ACTNCTL,ACC
ACTONML,AML
ACTONW,EAL
ADERLYP,ADD
ADIEWEL,ADW
ADLESTN,ASN
ADISHAM,ADM
ADLC,ADC
ADNL,ADL
ADWICK,AWK
AIGBURT,AIG
AINSDAL,ANS
AINTREE,AIN
AIRBLES,AIR
AIRDRIE,ADR
AIRP,APN
ALBNYPK,AYP
ALBNHRC,AYP
ALBNFCL,AYP
ALBNHV,AYP
ALBRGHT,ALB
ALDEDGE,ALD
ALDMSTN,AMT
ALDRSHT,AHT
ALDTON,AGT
ALEXNDP,AAP
ALXPD,AXP
ALXANDR,ALX
ALFRETN,ALF
ALLENSW,ALW
ALLOA,ALO
ALNESS,ASS
ALNMOTH,ALM
SCARALP,AWP
ALRESFD,ALR
ALSAGER,ASG
ALTHORN,ALN
ALTPE,ALP
ALTNBRC,ABC
ALTON,AON
ALTRNHM,ALT
ALTRMET,XNA
ALVCHRC,ALV
ALVCRLP,ARP
AMBERGT,AMB
AMLY,AMY
AMERSHM,AMR
AMNGTNJ,TAM
AMMANFD,AMF
ANCASTR,ANC
MNCRANC,ANH
ANDRSTN,AND
ANDOVER,ADV
ANERLEY,ANZ
ANGELRD,AGR
ANGMRNG,ANG
ANNAN,ANN
ANSL,ANL
ANSL3,ANL
ANSDELL,AFV
CATZANM,ANM
APERLYB,APY
APBY,APP
APDR,APD
APPLEFD,APF
APLYBDG,APB
APSLEY,APS
ARBROTH,ARB
ARDGAY,ARD
ARDLUI,AUI
CATZ,XAG
ARDRSHB,ADS
ARDRSSB,ASB
ARDRSTN,ADN
ARDWICK,ADK
ARGYLST,AGS
ARISAIG,ARG
ARKW,ARW
ARLSEY,ARL
ARMDALE,ARM
ARMADLE,ARA
ARMTHWT,AWT
ARNSIDE,ARN
ARRAM,ARR
ARCHRAT,ART
ARUNDEL,ARU
ASCOT,ACT
ASCTUWD,AUW
ASHH,ASH
ASHVALE,AHV
ASHBRYS,ABY
ASHCHRC,ASC
ASFIELD,ASF
ASHFKY,AFK
ASFDMSX,AFS
ASHFKI,ASI
ASHLEY,ASY
ASHD,AHD
MNCRAML,AMO
MNCRAWM,AWL
ASHONUL,AHN
MNCRALM,AUL
ASHUBUS,ABF
ASHURST,AHS
LYNDHRD,ANF
ASHWELC,AWM
ASKAM,ASK
ASLCKTN,ALK
ASPTRIA,ASP
ASPLEYG,APG
ASTON,AST
CATZATR,ATR
ATHRSTN,ATH
ATHERTN,ATN
CATZATO,ATO
CATZATY,ATY
ATADALE,ATT
ATNBRO,ATB
ATTLBON,ATL
CATZATM,ATM
ACHILCK,AUK
MNCRASM,ASM
AUDLEYE,AUD
AGHTNPH,AUG
AVIEMRE,AVM
AVNCLFF,AVF
WWODVIL,AVF
AVONMTH,AVN
AXMNSTR,AXM
AXMNSTS,AXM
AYLSBRY,AYS
AYLSPWY,AVP
AYLESFD,AYL
ALSHAM,AYH
AYRR,AYR
BACHE,BAC
BGLAN,BAJ
BAGSHOT,BAG
BAGMTLK,BGK
BAILDON,BLD
BALISTN,BIO
BALCOMB,BAB
BALDOCK,BDK
BALHAM,BAL
CATZBAX,BAX
CATZBSG,BSG
BALLOCH,BHC
CATZBBY,BBY
CATZBHN,BHN
CATZBMA,BMA
CATZBAO,BAO
BALMOSS,BSI
BMBRBDG,BMB
BAMFORD,BAM
BANAVIE,BNV
BNBR,BAN
BANGOR,BNG
BNKHALL,BAH
BANSTED,BAD
BANSBUS,BAD
CATZBNU,BNU
BARASIE,BSS
BRDNML,BLL
BARELA,BAR
BRGDDIE,BGI
BARGOED,BGD
BARKING,BKG
BARLSTN,BRT
BARLSOP,BPL
BLMMTLK,BMM
BARMING,BMG
BRMOUTH,BRM
BRNHRST,BNH
BARNES,BNS
BNSBDGE,BNI
BNTBY,BTB
BRHM,BAA
BNHL,BNL
BNSLY,BNY
BRNSTPL,BNP
BGRN,BTG
BNWDJN,GCR
BRHD,BRR
BRRHL,BRL
BARWHVN,BAV
BAROW,BIF
BAROWOS,BWS
BARRY,BRY
BARRYDK,BYD
BARRYIS,BYI
BRRYLNK,BYL
BRTHMBR,BAU
BASILDN,BSO
BSNGSTK,BSK
BSNGSEB,BSK
BATABAL,BBL
BATHSPA,BTH
BTHGATE,BHG
BATLEY,BTL
BTRSBY,BTT
BATRSPK,BAK
BATTLE,BAT
BTLSBDG,BLB
BAYFORD,BAY
BCNSFLD,BCF
BEARLEY,BER
BSDN,BRN
BSTD,BSD
BEASDAL,BSL
BLIEURD,BEU
BEAULY,BEL
BEBNGTN,BEB
BECCLES,BCC
BCKNHMH,BEC
BCKNBUS,BKJ
BCKNHMJ,BKJ
BCKNMJC,BKJ
BEDFDM,BDM
BEDFDN,BDM
BESJOHN,BSJ
BDHMPTN,BDH
BDMNSTR,BMT
BEDWRTH,BEH
BEDYN,BDW
BESTON,BEE
BEKSBRN,BKS
BLFSTCL,BFC
BLFSTPT,BFA
BLLVUE,BLV
BLGRVE,BLG
BELNGHM,BGM
BLSHL,BLH
BELM,BLM
BELPER,BLP
BLTRNAB,BEG
BELVEDR,BVD
BEMPTON,BEM
BNRHYDN,BEY
BENMTLK,BNK
BENFLET,BEF
BNTHAM,BEN
BNTEY,BTY
BTLYSY,BYK
BEREALS,BAS
BEREFRS,BFE
BERKHMD,BKM
BKSWELL,BKW
BERMPRK,BEP
BRNYARM,BYA
BERRYB,BBW
BRLANDS,BRS
BERWICK,BRK
BRWCKUT,BWK
BESCRLA,BES
BSCTSTA,BSC
BSTBARN,BOB
BTCHWTH,BTO
BTCHBUS,BTO
BTHNLGR,BET
BETSYCD,BYC
BEVERLY,BEV
BEXHILL,BEX
BEXLEY,BXY
BXLYHTH,BXH
BCSTN,BCS
BCSTRTN,BIT
BICKLEY,BKL
BDSTON,BID
BIGLSWD,BIW
BILBROK,BBK
BILERCY,BIC
BLNGHM,BIL
BILSHST,BIG
BINGHAM,BIN
BNGY,BIY
BCHGRV,BCG
BCNGNOS,BCH
BIRCHWD,BWD
CATZBIH,BIH
BIRKBCK,BIK
BKDLE,BDL
BRKNIOM,BKI
BRKNHDC,BKC
HAMTSQ,BKQ
BRKNHDN,BKN
BRKNHDP,BKP
BRDS,BBS
BHAMINT,BHI
BHAMMRS,BMO
BHAMNWS,BHM
BHAMSNH,BSW
BSAUKLD,BIA
BSAUWEA,BIA
BSHB,BBG
BSPSLYD,BIB
BSHPSFD,BIS
BSSN,BIP
BSSNBUS,BST
BISHPTN,BPT
BITERNE,BTE
BLKB,BBN
BLFR,BFR
BLKHTH,BKH
BLCHSRD,BHO
BLCKPLN,BPN
BLCKPB,BPB
BLCKS,BPS
BLKRDGE,BKR
BLRD,BLK
BCKWATR,BAW
BLAENAU,BFF
BLARATH,BLA
BLAIRHL,BAI
BLKST,BKT
BLAKEDN,BKD
BLANTYR,BLT
BLAYDON,BLO
BLEASBY,BSB
BLTCHLY,BLY
BLOXWCH,BLX
BLOXN,BWN
BLNDLAC,BLN
BLYBDGE,BYB
BODMNMF,BDF
BODMNPW,BOD
BODMTSB,BDF
BODORGN,BOR
BOGNORR,BOG
BOGSTON,BGS
BOLTON,BON
BLTNODR,BTD
BOOKHAM,BKA
BOOTLE,BOC
BOOTLNS,BNW
BOOTLOR,BOT
BORWGAW,BRG
BORTH,BRH
BOSHAM,BOH
BOSTON,BSN
BOTLEY,BOE
BOTESFD,BTF
BORNEND,BNE
BOMO,BMH
BOURNVL,BRV
BOWBRKH,BWB
BOWESPK,BOP
BOWKERV,BKV
BOWLING,BWG
BOXHAWH,BXW
BOXHBUS,BXX
CATZBOQ,BOQ
BRACKNL,BCE
BRADFS,BDQ
BRADIN,BDI
BRDFDOA,BOA
BRDING,BDN
BRAINTR,BTR
BRAINFP,BTP
BMHL,BML
BMLY,BMY
BRMLYSR,BLE
BRAMPTN,BRP
BRMPTNC,BMP
BRNCHTN,BCN
BNDON,BND
BRANKSM,BSM
BRAY,BZY
BRYSTNS,BYS
BREDBRY,BDY
BREICH,BRC
BNTFORD,BFD
BRTWOOD,BRE
BCWD,BWO
BGOALAN,BEA
BOORCHY,BRO
BRGEND,BGN
BRIDGTN,BDG
BRDGWTR,BWT
BRDLNGT,BDT
CATZBPO,BPO
BRIERFL,BRF
BRGG,BGG
BRHOUSE,BGH
BRGHTN,BTN
BRIMSDN,BMD
BRNGTN,BNT
BRSTPWY,BPW
BRSTLTM,BRI
BRITHDR,BHD
BRITFRY,BNF
BRIXTON,BRX
BROADGR,BGE
BRBM,BDB
BRSR,BSR
CATZBWY,BWY
MNCRBWY,BRD
BKNHRST,BCU
BKHLS,BHS
BROCKLY,BCY
BRWHINS,BNR
BDICK,BDC
BRMB,BOM
BRMBRK,BMR
BRMCRSS,BMC
BROMLYN,BMN
BROMLYS,BMS
BRMSGRV,BMV
BRBY,BSY
BRBYPK,BSP
BRKLNDS,BOK
BRKMNPK,BPK
BRKWOOD,BKO
BROOME,BME
BRFT,BMF
BRORA,BRA
BROUGH,BUH
BRFRY,BYF
BROXBRN,BXB
BRUCGRV,BCV
BRUNDAL,BDA
BRUNDLG,BGA
BRUSTAN,BSU
BNWK,BRW
BRUTON,BRU
BRYN,BYN
BUCKNHM,BUC
BCKY,BCK
BKNELL,BUK
CHORBUK,BSV
BUKSHAW,BSV
BUGLE,BGL
BUILTHR,BHR
BULWELL,BLW
BURES,BUE
BURGESH,BUG
BRLEYPK,BUY
BURLYIW,BUW
BAGE,BNA
BNSD,BUD
BNHAM,BNM
BRNMONC,BUU
BURNLYB,BUB
BURNLYC,BNC
BURNMR,BYM
BRSDE,BUI
BISLND,BTS
BRSCGHB,BCB
BRSCGHJ,BCJ
BURSLDN,BUO
BRTJYC,BUJ
MNCRBRM,BRZ
BURTNOT,BUT
BURY,BUR
BSTEDMS,BSE
BUSBY,BUS
BUSBYJ,PWW
BHILLPK,BHK
BUSHEY,BSH
BUSHYDC,BSH
BTLRSLA,BUL
BXTD,BXD
BUXTON,BUX
BYFLANH,BFN
BYNEA,BYE
CADOXTN,CAD
CAERGWL,CGW
CRPHLY,CPH
CARSWS,CWS
CATZCAH,CAH
CNRYNP,CRP
CLDRCRX,CAC
CDCOT,CDT
CLDNNRB,CIR
CALSTCK,CSK
DURSLEY,CDU
CMBLEY,CAM
CBORNE,CBN
CAMBDGE,CBG
CAMHTH,CBH
CAMBNTH,CMB
CMBSLNG,CBL
CMDNRD,CMD
CAMELON,CMO
CMTN,CBT
CNDAW,ZCW
CANLEY,CNL
CNCK,CAO
CANONST,CST
CNNB,CNN
CNNBELL,CNN
CNTBE,CBE
CNTBW,CBW
CNTLEY,CNY
CPNHRST,CPU
CARBISB,CBB
CDND,CDD
CARDFBR,CDB
CATHAYS,CYS
CRDFCEN,CDF
CARDFQS,CDQ
CDNL,CDO
CDRS,CDR
CARFIN,CRF
CARK,CAK
CARLILE,CAR
CATZCAW,CAW
CRTN,CTO
CRLK,CLU
CMTHN,CMN
CRMRSEJ,CMO
CARMYLE,CML
CRNF,CNF
CNST,CAN
CNTY,CAY
CRPNDPK,CPK
CARRBDG,CAG
CARICOS,CKU
CATZCKA,CKA
CRSHLTN,CSH
CRSHLTB,CSB
CRSTRS,CRS
CRSTRSS,CRS
CRTSDYK,CDY
CBARPAR,CBP
CCARY,CLC
CATZCLB,CLB
CSBY,CTB
CATZCCN,CCN
CASTLFD,CFD
CATZCSE,CSE
CSTL,CAS
CTNM,CSM
CATERHM,CAT
CATFORD,CTF
CATFBDG,CFB
CCRT,CCT
CATTAL,CTL
CAUSLND,CAU
CEFNYBD,CYB
MNCRCRM,CRQ
LNDNBDC,LBG
MNCRCEM,CEM
CHDWLHT,CTH
CHADHDD,CFH
CHLFNAL,CFO
CHLKWEL,CHW
CSFD,CFR
CHEF,CEF
CHAPLTN,CPN
CHPLTWN,CLN
CHPWKSC,CWC
CRNG,CHG
CHRNGXG,CHC
CHRX,CHX
CHBURY,CBY
CATZCHJ,CHJ
CRLN,CTN
CHARTHM,CRT
CHASNRD,CSR
CHTLRT,CTE
CHATHAM,CTM
CHHL,CHT
CHDH,CHU
CHEAM,CHE
CHDNGTN,CED
CHELFD,CEL
CHLMSFD,CHM
CHLSFLD,CLD
CHLTNHM,CNM
CHEPSTW,CPW
CHTR,CYT
CHTSEY,CHY
CHESHNT,CHN
CHSSN,CSN
CHSSS,CSS
CHST,CTR
CHSRD,CRD
CLST,CLS
CHFD,CHD
CHSW,CSW
CHETNOL,CNO
CHCHSTR,CCH
CLMN,CIL
CHLWTH,CHL
CHINGFD,CHI
CHNLY,CLY
CHIPNHM,CPM
CHIPNEW,XDN
CHSD,CHP
CHIRK,CRK
CHSLHRS,CIT
CHISWCK,CHK
CHOLSEY,CHO
CHORLEY,CRL
CHRW,CLW
MNCRCHM,CNK
CHRSTSH,CHH
CHRSBUS,CHH
CHRISTC,CHR
CHOS,CTW
CHFN,CHF
CSTR,CTT
CILMERY,CIM
CATZCCR,CCR
CTMSLNK,CTK
CLACTON,CLT
CLANDON,CLA
CLPM,CPY
CLPHHS,CLP
CLPHMJM,CLJ
CLPHMJW,CLJ
CLPHMJC,CLJ
CLPHMJN,CLJ
CLPHMJ2,CLJ
CLPHMJ1,CLJ
CLAPTON,CPT
CATZCLQ,CLQ
CLARBRD,CLR
CATZCMI,CMI
CLRKSTN,CKS
CLAVRDN,CLV
CLYGATE,CLG
MNCRCHB,CHB
CLTHRPS,CLE
CLELAND,CEA
CLTN,CLI
CLFDOWN,CFN
CLITHRO,CLH
CLOCKHS,CLK
CLONMEL,CLX
CATZCLZ,CLZ
CLYNDRW,CUW
CLYBANK,CYK
COATBDC,CBC
COATBDS,CBS
COATDYK,COA
CATZCOQ,COQ
CBHMSDA,CSD
CODSALL,CSL
COGAN,CGN
CLCHSTR,COL
CLCHRTN,CET
CATZCEI,CEI
COLESHL,CEH
CLHM,CLM
CTNG,CLL
CATZCOU,COU
COLNE,CNE
CLWALL,CWL
COLWICH,RGL
CBAY,CWB
COMBE,CME
COMONDL,COM
CONGLTN,CNG
CONBRGH,CNS
CONNELF,CON
CONONBR,CBD
CONONLY,CEY
BRKNCPK,CNP
CONWY,CNW
CODNBCH,COB
COOKHAM,COO
COKSBDG,CBR
COOMBE,COE
COPLSTN,COP
CRBG,CRB
CORBY,COR
SWNACFC,CFC
CORK,COK
CKHL,CKH
CRCK,CKL
MNCRCBK,COZ
CORPACH,CPA
CORROUR,CRR
CORYTON,COY
COSELEY,CSY
COSFORD,COS
COSHAM,CSA
CTTGHM,CGM
COTNGLY,COT
COLSDNS,CDS
COLSTWN,CDN
COVNTRY,COV
COVAREN,CAA
COWDEN,CWN
COWDBUS,COC
CWDNBTH,COW
CRADLYH,CRA
CRGDRN,CGD
CRGURE,CRU
CRMLNGT,CRM
CBRK,CBK
CATZ001,XCD
CRAVENA,CRV
CRAWLEY,CRW
CRFD,CRY
CREDITN,CDI
CRESING,CES
CRSNGTN,CSG
CRWLL,CWD
CREWE,CRE
CRKRN,CKN
CRHL,CWH
CRNLRCH,CNR
CRICCTH,CCC
CRKLWD,CRI
CFFT,CFF
CFPK,CFT
CMER,CMR
CROMFD,CMF
CROKSTN,CKT
CSGT,CRG
CSAMTLK,CMK
CFLATTS,CFL
CROSSHL,COI
CRSKEYS,CKY
CRSMYLF,CMY
CROT,CSO
CROUCHH,CRH
CBGH,COH
CRWHRST,CWU
CROWLE,CWE
CRWTHRN,CRN
CROY,CRO
CRUMPSL,CRJ
CRYSTLP,CYP
CUDNGTN,CUD
CUFFLEY,CUF
CULHAM,CUM
CULRAIN,CUA
CMBRNLD,CUB
CUMBRAE,CUL
CUPAR,CUP
CURRIEH,CUH
CXTN,CUX
CMBH,CMH
CWMBRAN,CWM
CYNGHRD,CYN
DGNHMDC,DDK
DAISYH,DSY
DALGETY,DAG
DLMALLY,DAL
DLMRNOK,DAK
DLMY,DAM
DALMUIR,DMR
DLREOCH,DLR
DALRY,DLY
DALSTON,DLS
DALS,DLJ
DALSKLD,DLK
DALTON,DLT
DALWHIN,DLW
DANBY,DNY
DNRD,DRD
DANESCT,DCT
DANZEY,DZY
DLTN,DAR
DARNALL,DAN
DARSHAM,DSM
DARTFD,DFD
DRTN,DRT
DARWEN,DWN
DATCHET,DAT
DAVNPRT,DVN
DAWLISH,DWL
DAWLSHW,DWW
DEAL,DEA
DEAN,DEN
MNCRDLN,DNN
MNCRDGT,DGT
DEPDENE,DPD
DEGANWY,DGY
DEIGHTN,DHN
DELAMER,DLM
DNDL,DBD
DENHAM,DNM
DENHMGC,DGC
DENMRKH,DMK
DENT,DNT
DNTON,DTN
DEPTFD,DEP
DPTFBD,ZDB
DRBY,DBY
DERBYRD,DBR
PBRODMP,DEB
DERKER,DKR
DEVNPRT,DPT
DEVNARB,DPT
DWBY,DEW
DIDCTEJ,DID
DIDCTNJ,DID
DIDCOTP,DID
MNCRDVM,DVM
DIGBY,DIG
DILTONM,DMH
DINASR,DMG
DINASP,DNS
DGLROAD,DGL
DINGWAL,DIN
DINSDAL,DND
DNTG,DTG
DISLEY,DSL
DISS,DIS
ROCKFYB,RFY
DOCKYDP,DOC
DODWRTH,DOD
DOLAU,DOL
DOLEHAM,DLH
DOLGARG,DLG
DLWYDLN,DWD
DONC,DON
DRCHS,DCH
DRCHW,DCW
DORE,DOR
DOREWJ,DOR
DORKING,DKG
DRKGW,DKT
DORMANS,DMS
DORIDGE,DDG
DOUGLAS,DGS
DVHL,DVH
DOVERP,DVP
DOVRCRT,DVC
DOVYJN,DVY
SOTONB,SOU
YOVIJDP,YVJ
DOWNHAM,DOW
DRAYGRN,DRG
DRYP,DYP
DREMJ,DRM
DRIFILD,DRF
DRIGG,DRI
CATZDRA,DRA
DRTWCHS,DTW
CATZDMD,DMD
DRONFLD,DRO
MNCRDML,DML
DRMCHPL,DMC
DRMFCHR,DFR
DRMGLCH,DRU
DRUMRY,DMY
DUBLINC,DCL
DUBLINF,DFP
DUBLINH,DHT
CATZDBP,DBP
DUBLFST,DPS
DUDESTN,DUD
DUDLPT,DDP
DUFIELD,DFI
DUIRNSH,DRN
DUKEST,DST
DULNGHM,DUL
DULOE,DLE
DMBRTNC,DBC
DMBRTNE,DBE
DUMBRCK,DUM
DUMFRES,DMF
DUMPTNP,DMP
DUNLHRM,DDB
DUNBAR,DUN
DUNANE,DBL
MOTFONT,DBG
DUNCRAG,DCG
CATZDUK,DUK
DUNDETB,DEE
DNFRMLE,DFE
DNFRMQM,DFL
DUNKELD,DKD
DNLP,DNL
DUNOON,DUO
DNROBIN,DNO
DUNS,DUU
DNSN,DOT
DTNG,DNG
DRHM,DHM
DRNGTOS,DUR
DYCE,DYC
DYFRYNA,DYF
ALFREMD,XYX
EGLSCLF,EAG
EALINGB,EAL
ERLSTWN,ERL
ERLY,EAR
ERLFLD,EAD
ELSN,EAS
EARLSWD,ELD
ELWD,EWD
EBOLDON,EBL
COWESE,ECW
ECROYDN,ECR
EDIDBRY,EDY
MNCREDM,EDM
EDULWCH,EDW
EFARLGH,EFL
EGRFRTH,EGF
EGRNSTD,EGR
EKILBRD,EKL
EMALING,EML
EMPKAIR,EMA
EMPKWAY,EMD
ETILBRY,ETL
EWRTHNG,EWR
EBOURNE,EBN
EASTBRK,EBK
ESHS,EST
LNDNBDE,LBG
ESTHRAK,ERA
ELGH,ESL
ESTRNGT,EGN
EBSFLTI,EBF
EBSFEJN,EBD
EBSFDOM,EBD
EBWVTN,EBB
EBWVPWY,EBV
ECCLES,ECC
MNCRECC,ECM
ECLR,ECS
ECPK,ECL
EDALE,EDL
EDPK,EDN
EDNB,EBR
EDNT,EBT
EDGH,EDG
MNCRELM,ELM
EDINBUR,EDB
EDINAIR,EDA
EDINGWY,EGY
EDINPRK,EDP
EDMNGRN,EDR
EFNGHMJ,EFF
EGGESFD,EGG
EGHAM,EGH
EGTON,EGT
ELPHNAC,EPH
ELGIN,ELG
ELSMPRT,ELP
ELMERSE,ELE
ELMW,ESD
ELMSWEL,ESW
ELSC,ELR
ELSENHM,ESM
ELTR,ELS
ELTHAM,ELW
ELTON,ELO
ELYY,ELY
EMRSPKH,EMP
EMSWTH,EMS
ERGNCHP,ECP
CATZEFD,EFD
ENFC,ENC
ENFLDLK,ENL
ENFLDTN,ENF
CATZENN,ENN
ENISCTY,ENS
ENTWISL,ENT
EPSM,EPS
EPSDNS,EPD
ERDNGTN,ERD
ERIDGE,ERI
ERITH,ERH
ESHER,ESH
ESKBANK,EKB
ESSEXRD,EXR
ETCHNGM,ETC
MNCRECM,EHC
EUSTON,EUS
EUXT,EBA
EVESHAM,EVE
EWELLE,EWE
EWELW,EWW
MNCREQY,EXQ
EXETERC,EXC
EXETRSD,EXD
EXETRST,EXT
EXHIBTC,EXG
EXMOUTH,EXM
EXTON,EXN
EYNSFD,EYN
FALSWTH,FLS
FRBN,FRB
FRFD,FRF
FAIRLIE,FRL
FRWATER,FRW
FRWDJN,WSB
FALCNWD,FCN
FALKRKG,FKG
FALKRKH,FKK
FLSCRHN,FOC
FAMR,FMR
FALMTHD,FAL
FALMTHT,FMT
FAREHAM,FRM
FRBRMN,FNB
FRBRNTH,FNN
FRNCMB,FNC
FARNHAM,FNH
FRNNGRD,FNR
FRNW,FNW
CATZFAR,FAR
FRNDNLT,ZFD
FAULDHS,FLD
FAVRSHM,FAV
FAYGATE,FGT
FAZKRLY,FAZ
FEARN,FRN
FTHRSTN,FEA
FLXSTOW,FLX
FELL,FEG
FELTHAM,FEL
FENCHRS,FST
FENITON,FNT
FSTR,FEN
FERNHIL,FER
FERRIBY,FRY
FYSD,FYS
FFAIRFC,FFA
FILEY,FIL
FILTNEW,FIT
FNCHLYR,FNY
FNPK,FPK
FINSTCK,FIN
MNCRRFW,FWN
FSHBORN,FSB
FSHBBUS,FSB
FSHRSGT,FSG
FGDHGWK,FGW
FGDHBR,FGH
FISKRTN,FSK
FITZWLM,FZW
FIVEWYS,FWY
FLEET,FLE
FLIMBY,FLM
FLINT,FLN
FLITWCK,FLT
FLIXTON,FLI
FLWRYFD,FLF
FLKSTNC,FKC
FLKSTNW,FKW
FORD,FOD
FRSTGT,FOG
FRSTGTJ,FOG
FORESTH,FOH
FORMBY,FBY
FORRES,FOR
FORSNRD,FRS
FRTMTLD,FTM
FRTWLM,FTW
CATZFOT,FOT
FOUROKS,FOK
FOXFILD,FOX
CATZFXF,FXF
FOXTON,FXN
FRANT,FRT
FRATTON,FTN
MNCRFHM,FHM
FRSHFLD,FRE
FRESHFD,FFD
FRESVIL,FFD
FRIMLEY,FML
FRINTON,FRI
FRZNGHL,FZH
FRDSHM,FRD
FROME,FRO
FROSTLY,FRR
FULWELL,FLW
FURNESV,FNV
FURZEP,FZP
GBROC,GNB
GBGHLRD,GBL
GALASLS,GAL
BRWCGAL,XAA
GALTILL,SGB
GALTONJ,SGB
GALWAY,GWY
GRLCHHD,GCH
GARFRTH,GRF
GRGRAVE,GGV
GARROWH,GAR
GSCD,GRS
GARSDLE,GSD
GRSTH,GSN
GARW,GSW
GRTCSH,GRH
GRTHMG,GMG
GARTH,GTH
GARVE,GVE
GATHRST,GST
GATLEY,GTY
GTWK,GTW
GRGMASJ,GGJ
GERRDSX,GER
GIDEAPK,GDP
GIFNOCK,GFN
GGLSWCK,GIG
GLBRDYK,GBD
GLFCHFR,GFF
GLHM,GIL
GLNGHMK,GLM
LAMBH,GSC
GIPSYH,GIP
GIRVAN,GIR
GLAISDL,GLS
GLNCNWY,GCW
GLGAPT,GGT
GLGC,GLC
GLGCLL,GLC
GLGQLL,GLQ
GLGQHL,GLQ
GLASHTN,GLH
GLAZBRK,GLZ
GLNEGLS,GLE
GLNFNNN,GLF
GLGN,GLG
GLNRTHS,GLT
GLSP,GLO
GLOSTER,GCR
CATZ002,XGV
GLYNDE,GLY
GOBOWEN,GOB
GDLMING,GOD
GODLY,GDL
GODSTON,GDN
FRATGSA,FTN
GLDTHRP,GOE
GOLFSTR,GOF
GOLSPIE,GOL
GOMSHAL,GOM
GODMAYS,GMY
GOOLE,GOO
GNBARWJ,BGL
GOOSTRY,GTR
GORDONH,GDH
GOREBRG,GBG
CATZGOY,GOY
GORASTR,GOR
GORNGBS,GBS
CATZ003,XGR
GORTON,GTO
GOSPLOK,GPO
GOSPMAN,GPO
GOFER,XOF
GOUROCK,GRK
GOURPIE,GXX
GOURSTN,GRK
GOWERTN,GWN
GOXHILL,GOX
GRPK,GPK
GOVS,GOS
GNTN,GTN
GTHM,GRA
GRATELY,GRT
GRAVLYH,GVH
GRVSEND,GRV
GRVSFRY,GFY
GRVSWSP,GFY
GRAYS,GRY
GTAYTON,GTA
GTBNTLY,GRB
GTCHSFD,GRC
GTCOATS,GCT
GTMLVRN,GMV
GTMSNDN,GMN
YARMTH,GYM
GNLN,GNL
GREENRD,GNR
GBNK,GBK
GRNFLDS,GRL
GFLD,GNF
GFORD,GFD
GFORDEJ,GFD
GNHT,GNH
GNHTRI,GNH
GRENCKC,GKC
GRENCKW,GKW
GNWH,GNW
GRETGRN,GEA
CATZGSO,GSO
GRMSBYD,GMD
GRMSBYT,GMB
GRNDLFD,GRN
GROSMNT,GMT
GRVPK,GRP
STPETRP,GUS
GIDB,GUI
GUILDFD,GLD
GUISELY,GSY
GNRSBRY,GUN
GUNISLK,GSL
GUNTON,GNT
GWRSYLT,GWE
GYPSYLA,GYP
HABRO,HAB
HKBG,HCB
HACKNYC,HKC
HAKNYNM,HAC
HACKNYW,HKW
HADMATP,HDM
HADISCO,HAD
HADFILD,HDF
HADLYWD,HDW
HAGFOLD,HGF
HAGGERS,HGG
HAGLEY,HAG
HARMYRS,HMY
HALE,HAL
HALSWTH,HAS
HALW,HED
HLFX,HFX
HLGN,HLG
HITW,HID
HALLRD,HLR
HALG,HAI
HLTWHST,HWH
HMST,HMT
HMBLE,HME
HAMLTNC,HNC
HAMLTNW,HNW
HAMERTN,HMM
HMPDNPK,HMD
HMPSTDH,HDH
HAMPTON,HMP
HCRT,HMC
HAMWICK,HMW
HMPTNIA,HIA
HAMSTED,HSD
HMWTHY,HAM
HANDBRO,HND
HNDFRTH,HTH
HANWELL,HAN
HAPTON,HPN
MNCRHBC,HBC
HRLC,HRL
HARLSDN,HDN
HRLNGRD,HRD
HRLG,HLN
HRLWMIL,HWM
HRLWTWN,HWN
HRLDWOD,HRO
HRPNDN,HPD
HRSM,HRM
HRGY,HGY
HRGYGL,HRY
HNGT,HRR
HAGT,HGT
HROW,HRW
HROWDC,HRW
HAROOTH,HOH
HARTFD,HTF
HBRY,HBY
HRTLEPL,HPL
HRTW,HTW
PRKSTON,HPQ
HARWICH,HWC
HASLEMR,HSL
HASOCKS,HSK
HASTING,HGS
HTCHEND,HTE
HATFILD,HAT
HTFLASF,HFS
HFLPEVL,HAP
HATHRSG,HSG
HATRSLY,HTY
HATTON,HTN
HAGHLYJ,SMK
HAVANT,HAV
HAVENHS,HVN
HAVRFDW,HVF
HAWARDN,HWD
HAWDNBG,HWB
HAWESMP,HMK
HWKHEAD,HKH
HYDB,HDB
HYDNSRD,HYR
HAYESAH,HAY
HAYS,HYS
HAYLE,HYL
HAYMRKT,HYM
HYWRDSH,HHE
HAZL,HAZ
HEADCRN,HCN
HEDNGLY,HDY
HEDSTNL,HDL
HLDG,HDG
HEALING,HLI
HEATHHL,HHL
HEATHLL,HLL
HTRWTM4,HAF
HTRWAPT,HXX
HTRWTE4,HWF
HTRWTM5,HWV
HTCP,HTC
HTPK,HPK
HBDNBDG,HBD
HCKNGTN,HEC
HEDGEND,HDE
HDNS,HNF
HGHNGTN,HEI
HLNSBRC,HLC
HLNSBRU,HLU
HELIFLD,HLD
HELMSDL,HMS
HELSBY,HSB
HEMLHMP,HML
HDON,HEN
HENGOED,HNG
HENLYIA,HNL
HNLYOT,HOT
HENSALL,HEL
HEREFRD,HFD
HRNEBAY,HNB
HERNEH,HNH
HERSHAM,HER
HERTFDE,HFE
HFDN,HFN
HESSLE,HES
HESWALL,HSW
HEVER,HEV
HEVEBUS,HBF
HEWORTH,HEW
HEWOMTR,HEW
HEXHAM,HEX
HEYFORD,HYD
HEYMST,HHB
HWRDJN,WSB
HBROOMS,HIB
GLGHST,HST
HWYCOMB,HWY
HIGM,HGM
HGHMSPK,HIP
HGHBRDG,HIG
HIGHBYA,HHY
HIGHBYE,HHY
HGHI,HHY
HITN,HTO
HLDNBRO,HLB
HLFT,HLF
HLNDBUS,ZHD
HLNGTNE,HLE
HLNGTNW,HLW
HILLSID,HIL
HILSEA,HLS
HNCHLYW,HYW
HINCKLY,HNK
HINDLEY,HIN
HINTONA,HNA
HITCHIN,HIT
HTHRGRN,HGR
HOCKLEY,HOC
HOEKVHL,HVH
HBRN,HBN
HOLINWS,HOD
HCHP,HCH
HLMW,HLM
MNCRHTM,HTM
HOLTONH,HOL
HLYH,HHD
HOLYTWN,HLY
HOLYTNJ,HLY
HOMRTON,HMN
HONYBRN,HYB
HONITON,HON
HONITNS,HON
HONLEY,HOY
HONROPK,HPA
HOOK,HOK
HOOTON,HOO
HOPC,HPE
HOPD,HOP
HOPTONH,HPT
HORLEY,HOR
HRNBPK,HBP
HRNSY,HRN
HSFT,HRS
HORSHAM,HRH
HRSLEY,HSY
HTNRIBL,HIR
HORWICH,HWI
HOSCAR,HSC
HOUGHGR,HGN
HOUNSLW,HOU
HOVE,HOV
WROXHAM,HXM
HOWWOOD,HWW
HOWDEN,HOW
HOWOOD,HOZ
HOXTON,HOX
HOYLAKE,HYK
HBRTBDG,HBB
HUCKNAL,HKN
HDRSFLD,HUD
HULL,HUL
HMPHRYP,HUP
HUNCOAT,HCT
HUNGRFD,HGD
HUNMNBY,HUB
HUNTSX,HNX
HNTNGDN,HUN
HNTL,HNT
HRSTGRN,HUR
HTNCRNS,HUT
HUYTON,HUY
HUYTJUN,HUY
HYDEC,HYC
HYDEN,HYT
HYKEHAM,HKM
HYNDLND,HYN
CLCHHYT,HYH
IBMM,IBM
CATZ008,XID
IFIELD,IFI
ILFORD,IFD
ILKES,ILN
ILKLEY,ILK
CSEAH,IMW
INCE,INC
INEL,INE
INGTSTN,INT
INSCH,INS
IVRGRD,IGD
INVGWRE,ING
IVRKTHG,INK
INVERKP,INP
IVRNESS,INV
INVRSHN,INH
INVURIE,INR
IPSWICH,IPS
IRLAM,IRL
IRVN,IRV
ISLEWTH,ISL
ISLIP,ISP
IVER,IVR
IVYBDGE,IVY
JAMCOK,JCH
SHLJRSY,JSY
BHAMJEW,JEQ
JHNSTND,JOH
JOHNSTN,JHN
JORDANH,JOR
KEARSLY,KSL
KSNY,KSN
KEIGHLY,KEI
KEITH,KEH
KELVEDN,KEL
DAWSHLM,KVD
KEMBLE,KEM
KMPSTNH,KMH
KMPTNPK,KMP
KEMSING,KMS
KMSLY,KML
KENDAL,KEN
KENLSTN,KNW
KENLWTH,KNW
KNLY,KLY
KNLYBUS,KEB
KENNETT,KNE
KENISHD,KNS
KENSLG,KNL
KENR,KNR
KENOLYM,KPA
KENTHOS,KTH
KNTSHTN,KTN
KNTSHTW,KTW
KTON,KNT
KTBK,KBK
KETR,KET
KEWBDGE,KWB
KEWGRDN,KWG
KEYHAM,KEY
KEYMERJ,WVF
KEYNSHM,KYN
KEYNSCH,KYN
KIDBROK,KDB
KDRMNST,KID
KIDSGRV,KDG
KIDWELY,KWL
KLBRNHR,KBN
KLDL,KLD
CATZKDR,KDR
KILDONN,KIL
KILGETY,KGT
CATZKNY,KNY
KILARNY,KLL
KILMRNK,KMK
KLMAURS,KLM
KLPTRCK,KPT
KILWNNG,KWN
KINBRAC,KBC
KNGX,KGX
KLYNN,KLN
KINGHAM,KGM
KGHN,KGH
KLGL,KGL
PBROKLB,KLB
KLYNBUS,KLS
KNORTON,KNN
KNYMPTN,KGN
KGPK,KGP
KINSSTN,KGS
KINSVSQ,KGS
KNGW,KGE
KGSTON,KNG
MNCRKBM,KBM
KGWD,KND
KGUSSIE,KIN
KNTBRY,KIT
KIRBYX,KBX
KKSNDAL,KKS
KKBY,KIR
KRKYCEN,KKB
KSTP,KSW
KRKBYIF,KBF
KCLD,KDY
KRKC,KRK
KRKDALE,KKD
KIRKHAM,KKM
KRKH,KKH
KRKNWTN,KKN
KRKSLFR,KLF
KRKWOOD,KWD
KRTNLND,KTL
KVTNBDG,KIV
KVTNPK,KVP
KNRSBGH,KNA
KNEBWTH,KBW
KNIGHTN,KNI
KNCKHLT,KCK
KNTNGLY,KNO
KNUCKLS,KNU
KNUTSFD,KNF
KYLELSH,KYL
LADYBNK,LDY
LDYW,LAD
MNCRLDW,LDW
LAINDON,LAI
LAIRG,LRG
LAKEIOW,LKE
LAKNHTH,LAK
LMPTBLL,LTR
LAMPHEY,LAM
LANARK,LNK
LANCSTR,LAN
LNCG,LAC
LNDYW,LAW
LGBK,LGB
LGHO,LHO
LANGLEY,LNY
LGRN,LGG
LGML,LGM
LANGTCR,LNY
LNSD,LGS
LWBY,LGW
LGWITH,LAG
MNCRLWY,LWY
LAPFORD,LAP
LAPWRTH,LPW
LARBERT,LBT
LARGS,LAR
LARKHAL,LRH
LRNCKRK,LAU
LAWRNCH,LWH
LAYTON,LAY
LAZKRKO,LZB
LEABDGE,LEB
LEGR,LEG
LEAHALL,LEH
LEAGRVE,LEA
LEALHLM,LHM
LMNGTNS,LMS
LEASOWE,LSW
LETHRHD,LHD
LDBURY,LED
LEEE,LEE
LEEDS,LDS
HSFTLBD,XLB
LESTER,LEI
LEIGHK,LIH
LEIGBUS,LFL
LHONSEA,LES
LTNBZRD,LBZ
LELANT,LEL
LELANTS,LTS
LENHAM,LEN
LENZIE,LNZ
LEOMNST,LEO
LEOMBUS,LEO
LTCE,LET
LEUCHRS,LEU
LVHM,LVM
LEWES,LWS
LEWISHM,LEW
LEYLAND,LEY
LEYTNMR,LEM
LYTNSHR,LER
LCHC,LIC
LCHTNJ,LTV
LCHTTVH,LTV
LCHTTVL,LTV
LDLNGTN,LID
LIMHSE,LHS
LIMERIC,LRK
LIMERCJ,LJN
LINCLNC,LCN
LINGFLD,LFD
LGWOOD,LGD
LNLTHGW,LIN
LIPHOOK,LIP
CATZLBN,LBN
LISKARD,LSK
LISS,LIS
LTHH,LVT
LTLKMBL,LTK
LTLSUTN,LTT
LITLBRO,LTL
LTLHMPT,LIT
LHVN,LVN
LHVNBUS,LVN
LTLPORT,LTP
LVRPLCH,LVC
LVRPLCL,LVC
JAMESST,LVJ
LVRPLSG,LVS
LVRPLSL,LIV
LVRPLSH,LIV
LVRPSPY,LPY
ALERTN,LPY
LIVST,LST
LVNSTNN,LSN
LVNSTNS,LVG
LNAB,LLA
LBDR,LBR
LLBSTRD,LLT
LLBRDCH,LNB
LLANDAF,LLN
LNDW,LDN
LNDC,LLC
LLDEILO,LLL
LLDVERY,LLV
LLDODW,LLO
LUDO,LLD
LANDUDJ,LLJ
LLDYBIE,LLI
LLNLLI,LLE
LANFRFC,LLF
LFPW,LPG
LLGADOG,LLG
LLGMMRW,LLM
LLGNNCH,LLH
LLGUNLO,LGO
LLHARAN,LLR
LLHLETH,LTH
LLISHEN,LLS
LNRWST,LWR
LLNSMLT,LAS
LLNWTMR,LWM
LLWRDA,LNR
LLWRTYW,LNW
LYNGRIL,LLW
LLWYNYP,LLY
LOCHAWE,LHA
LCEILOB,LHE
LCHALRT,LCL
LCHBSDL,LCB
LCHESDE,LCS
LCHGLLY,LCG
LCHLCHR,LCC
LCHWNCH,LHW
LCKRBIE,LOC
LKWD,LCK
LNDNBDG,LBG
LONDEUR,LOE
LONFLDS,LOF
LONDINT,LNE
BRGHBUS,LRR
BRGHLRD,LRB
LRDGFD,LRD
WDNLUL,WIM
LDRY,LDR
LNGBKBY,LBK
LNGEATN,LGE
LPRESTN,LPR
LONGBCK,LGK
LONB,LOB
LNGCROS,LNG
LGFD,LGF
CATZLFO,LFO
LNGNDRY,LND
LNGP,LPT
LNTN,LGN
LOOE,LOO
LSTG,LTG
LSTH,LOH
LOSTCKP,LOT
LSTWTHL,LOS
LOGHBRO,LBO
LBGHJN,LGJ
WLSDLLB,WIJ
LOWMOOR,LMR
LOWDHAM,LOW
LSYDNHM,LSY
LOWSTFT,LWT
LUDLOW,LUD
LUDLCST,LUD
LUTON,LUT
LUTNAIR,LUA
LUTOAPY,LTN
LUXULYN,LUX
LYDNEY,LYD
LYEE,LYE
LMTNPIR,LYP
LMTNTWN,LYT
LYMPSTC,LYC
LYMPSTN,LYM
LYNDPKH,ANF
LYTHAM,LTM
MACLSFD,MAC
MCHYNLT,MCN
MAESTGW,MST
MAESTER,MEW
MAGHULL,MAG
MDNNWTN,MDN
MDNHEAD,MAI
MSTONEB,MDB
MSTONEE,MDE
MSTONEW,MDW
MAINDEJ,NWP
MALDENM,MAL
MLAIG,MLG
MALLOW,MAW
MALTON,MLT
MLVRNLK,MVL
MNCRIAP,MIA
MNCMTLK,MNA
MNCROXR,MCO
MNCRPIC,MAN
MNCRUFG,MUF
MNCRVIC,MCV
MANEA,MNE
MANNGTR,MNG
MANRPK,MNP
MNRD,MNR
MNORBER,MRB
MANORS,MAS
MFLDTWN,MFT
MFLDWSE,MSW
CATZMAJ,MAJ
MRCH,MCH
MARDEN,MRN
MARGATE,MAR
MRKTHRB,MHR
MKTR,MKR
MKIN,MNC
MRKSTEY,MKT
MARLOW,MLW
MARPLE,MPL
MRSN,MSN
SLTHWTC,SWT
MRSK,MSK
MRSTNGR,MGN
MMIL,MTM
MHERON,MAO
MCFMTLK,MCF
MARTON,MTO
MRYHILL,MYH
MRYLAND,MYL
MARYLBN,MYB
MPRT,MRY
MATLOCK,MAT
MATLCKB,MTB
MLDTHRD,MAU
MAXWLPK,MAX
MAYBOLE,MAY
CATZMAE,MAE
MAZEH,MZH
MEADWHL,MHS
MNCRMCT,MCT
MELDRTH,MEL
MELKSHM,MKM
MELROSE,MLS
MELTON,MES
MLTNSDG,MMO
MENHENT,MEN
MENSTON,MNN
MELS,MEO
MEOLSCP,MEC
MEOPHAM,MEP
MRRYTON,MEY
MERSTHM,MHM
MERTHYR,MER
MERTHRV,MEV
MTHRNGH,MGM
GTSHDMC,MCE
MEXBRGH,MEX
MCHLDVR,MIC
MCKLFLD,MIK
MDLSBRO,MBR
MDWD,MDL
MIDGHAM,MDG
CATZ004,XME
MLFORD,MLF
MLFDHVN,MFH
MLHL,MLH
MLHB,MIL
MLBRKB,MLB
MBRK,MBK
MILKNPK,MIN
MLLM,MLM
MLSHILL,MIH
CATZMIE,MIE
MLNRYDJ,SOW
MLGV,MLN
MILNROW,MLR
MKNSCEN,MKC
MINFORD,MFF
MINFFR,MFD
MINSTER,MSR
NNTNMIR,MTE
MIRFILD,MIR
MIRFEJN,MIR
MISTLEY,MIS
ESTFLDS,MTC
MITCHMJ,MIJ
MOBERLY,MOB
CATZ005,XMV
MONIFTH,MON
MNKRISB,MRS
MNCRMSM,MSM
MONPELR,MTP
MONTRSE,MTS
MRDMTLK,MDM
MORFNL,MRF
MORFLDS,MRF
MRGT,MOG
MRSD,MSD
MORTHRP,MRP
MORAR,MRR
MOCHARD,MRD
MORDENS,MDS
MORCAME,MCM
MORETON,MTN
MOTO,MRT
MINMARS,MIM
MFAM,MFA
MRLY,MLY
MRPTHRP,MPT
MTIMER,MOR
MRTLKE,MTL
MSGT,MSS
MSSD,MOS
MOSSLEY,MSL
MSLH,MSH
MSSPARK,MPK
MSTN,MSO
MOTHRWL,MTH
MOTSPRP,MOT
MOTNGHM,MTG
MLDSWTH,MLD
MLSECMB,MCB
MTFL,MFL
MASH,MTA
MNTVRNN,MTV
CATZMBH,MBH
MUROORD,MOO
MUIREND,MUI
CATZMUL,MUL
MSELBGH,MUB
MYTHLMR,MYT
NAFERTN,NFN
NAILSEA,NLS
NAIRN,NRN
NANTWCH,NAN
NRBERTH,NAR
NARBRO,NBR
NAVGTNR,NVR
NEATH,NTH
NEEDHAM,NMT
NEILSTN,NEI
NLSN,NEL
CATZNEN,NEN
NESTON,NES
NTHRFLD,NET
NETHRTN,NRT
NETLEY,NTL
NBARNET,NBA
NBCKNHM,NBC
NBTN,NBN
NEWCLEE,NCE
NWCROSS,NWX
NWCRELL,NWX
NEWXGTE,NXG
NEWXGEL,NXG
NWCMNCK,NCK
NWELTHM,NEH
NHEY,NHY
NHOL,NHL
NWHYTHE,NHE
MNCRNIM,NIM
NEWLANE,NLN
NEWMLDN,NEM
NWMILSC,NMC
NWMILSN,NMN
NMILTON,NWM
NPUD,NPD
BDHMNRD,BDH
NEWSGAT,NSG
NWRKCAS,NCT
NEWANG,NNG
MNCRNBM,NBM
NBRWGE,NBE
CATZNBG,NBG
NEWBURY,NBY
NEWBRYR,NRC
NWCSTLE,NCL
NWCSTLL,NCZ
NWCOURT,NCO
NCRAGHA,NEW
NEWHVNH,NVH
NEWHVNT,NVN
NEWNGTN,NGT
NWMKET,NMK
NEWPRTE,NWE
NWPTRTG,NWP
NEWQUAY,NQY
CATZNWY,NWY
NWSTEAD,NSD
NWTL,NTN
NABT,NTA
NWTA,NAY
NWTH,NWN
MNCRNMM,NMM
NWTOA,NOA
NSTCYRE,NTC
NWTNLW,NLW
NWTGRNG,NEG
NWTM,NWR
NWTP,NWT
NINIANP,NNP
NITSH,NIT
PRSTN4B,PRE
NRBITON,NBT
NORBURY,NRB
NRMNSBY,NSB
NORMNTN,NOR
NBERWCK,NBW
NTHCAMP,NCM
NDULWCH,NDL
FAMBDGE,NFA
CHNLYNJ,CLY
KIRKMNJ,KKM
NLANRST,NLR
NQNSFRY,NQU
NTRD,NRD
NSHEEN,NSH
NSMRSTJ,BRI
NWALSHM,NWA
NWEMBLY,NWB
NLRTN,NTR
NMPTN,NMP
NMPTBAY,NMP
NMRMTLK,NMR
NRTF,NFD
NRTHFLT,NFL
NRTHCA,NFL
NTHOLTP,NLT
NMBRLPK,NUM
NTHWICH,NWI
NTNB,NTB
NTNBSD,NBS
NRCH,NRW
NORWDJ,NWD
NTNG,NOT
NNTN,NUN
NUNHEAD,NHD
NUNTHRP,NNT
NUTBORN,NUT
NUTBBUS,NUT
NUTFILD,NUF
OAKNGTS,OKN
OAKHAM,OKM
OKLGHPK,OKL
OBAN,OBN
OCKENDN,OCK
OCKLYAC,OLY
OKHMPTN,OKE
OLHL,OHL
OLDROAN,ORN
OLDST,OLD
OLDTRFD,OTR
OLDFLDP,OLF
OLDFLBR,OLF
MNCROCM,OCM
MNCROSM,OKS
OLDHAMM,OLM
OLDHAMW,OLW
OLTON,OLT
OREE,ORE
ORMSKRK,OMS
ORPNGTN,ORP
ORRELL,ORR
ORELPKH,OPK
OTFORD,OTF
OULTNBN,OUN
OULTNBS,OUS
OUTWOOD,OUT
OPOL,OVE
OVTN,OVR
OVTNVPO,OVR
OXENHLM,OXN
OXFDFSQ,OXF
OXFD,OXF
OXFPWAY,OXP
RDNGORJ,RDG
OXSHOTT,OXS
OXTED,OXT
OXTEDBY,OXT
PADTON,PAD
PKWD,PDW
PADGATE,PDG
PAIGNTN,PGN
PSLYCAN,PCN
PSLYGST,PYG
PSLYSTJ,PYJ
PALMRSG,PAL
PANGBRN,PAN
PANNAL,PNL
PNTYFYN,PTF
PARR,PAR
PARBOLD,PBL
PKST,PKT
PSTONE,PKS
PARSNST,PSN
PTCK,PTK
PARTON,PRN
PATCHWY,PWY
PTRCRFT,PAT
PATERTN,PTT
PEARTRE,PEA
PCKHMRY,PMR
PKHMRYC,PMR
PLHMTLK,PHM
PEGSWD,PEG
PBRT,PEM
PMBRYBP,PBY
PEMBROK,PMB
PEMBRKD,PMD
PYBONT,PNY
PNALLY,PNA
PENARTH,PEN
PENCOED,PCD
PENGAM,PGM
PNGEE,PNE
PENEW,PNW
PENHELG,PHG
PENISTN,PNS
PNKRDG,PKG
PNKRBUS,PKG
PNMNMWR,PMW
PENMERE,PNM
PNRHCBR,PER
PRHN,PRH
PNTH,PNR
PRYN,PYN
PSRN,PES
PNSHRST,PHR
PNSHBUS,PHR
PNTRBCH,PTB
PENYCHN,PNC
PNYF,PNF
PENZNCE,PNZ
PNZQUAY,PNQ
PERANWL,PRW
PRYBR,PRY
PERSHOR,PSH
PERTH,PTH
PBRO,PBO
PTRSFLD,PTR
PETSWD,PET
PETSWDJ,PET
PVNSYAW,PEV
PVNSYBY,PEB
PEWSEY,PEW
PILNING,PIL
PINHOE,PIN
PTLCHRY,PIT
PITSEA,PSE
PLSNGTN,PLS
PLOCKTN,PLK
PLUCKLY,PLC
PLUMLEY,PLM
PLMPTON,PMP
PLMS,PLU
PLYMTH,PLY
PLYMSAL,XDJ
POKSDWN,POK
POLGATE,PLG
PWTH,PSW
PLKSHWE,PWE
PLKSHWW,PWW
PLKLHDE,PLE
PLKLHDW,PLW
POLMONT,PMT
POLSBDG,POL
MNCRPOM,PMO
PNDRSEN,PON
PNYPANT,PYP
PNTADLS,PTD
PTFTBHL,PFR
PTFTMHL,PFM
PTFTTSF,POT
PNTLTYN,PLT
PONYCLN,PYC
PONTYPL,PPL
PTYPRID,PPD
POOLE,POO
POLEFT,PFT
POPLTON,POP
PTGLSGW,PTG
PSLT,PSL
PTALBOT,PTA
PTADOWN,PTN
CATZPRO,PRO
PCHESTR,PTC
PORH,POR
PRTHMDG,PTM
CATZPTO,PTO
PLTH,PLN
PRTHHBR,PMG
PBLJWM,WVH
PRSH,PTS
PSLDAWH,PLD
PSEA,PMS
PRTSMTA,PMA
PHBR,PMH
POMOHSP,PMH
POMOPLD,PMH
POSILPK,PPK
POTRSBR,PBR
PLTNLFY,PFY
POYNTON,PYT
PREES,PRS
PRESCOT,PSC
PSTA,PRT
PSBY,PRB
PRST,PRE
PRSTFGT,PRE
PRSP,PRP
PRSPBUS,PPR
PPAN,PST
PWCH,PWC
PWCK,PTW
PWCKAPT,PRA
PHLD,PTL
PRINRIS,PRR
PRITLWL,PRL
PRUDHOE,PRU
PULBRO,PUL
PURFLET,PFL
PURLEY,PUR
PURLEYO,PUO
PUTNEY,PUT
PWLHELI,PWL
PYECRNR,PYE
PYLE,PYL
QUAKRSY,QYD
QPRK,QPW
QUNPARK,QPK
PCKHMQD,QRP
QUENBRO,QBR
QPRKAC,QPW
QTRDBAT,QRB
QNTRLDW,QUI
RADGM,RCF
RADNOT,RDF
RADLETT,RDT
RDLEY,RAD
RADYR,RDR
RNFD,RNF
RNHAME,RNM
RAINHMK,RAI
RHIL,RNH
RAMSGTE,RAM
RMSWILP,RGW
RANNOCH,RAN
CATZRDU,RDU
CATZRMR,RMR
RAUCEBY,RAU
RGLS,RAV
RBRN,RVB
RTHP,RVN
RAWCLIF,RWC
RAYLEGH,RLG
RAYNSPK,RAY
RDNGSTN,RDG
RDNG4AB,RDG
REDGWST,RDW
COVNNY,COV
RCTRYRD,REC
MLFORLP,MLF
REDBDGE,RDB
REDCBSC,RBS
REDCARC,RCC
REDCARE,RCE
REDISHN,RDN
REDISHS,RDS
RDIT,RDC
REDHILL,RDH
REDLAND,RDA
REDRUTH,RED
REEDHMS,RHM
RDHAMN,REE
REIGATE,REI
RENTON,RTN
RTFD,RET
RTFDLL,RET
RHIWBNA,RHI
RHOOSE,RIA
RHOSNGR,RHO
RHYL,RHL
RHYMNEY,RHY
RIBLHED,RHD
RICELA,RIL
RICHMND,RMD
RICHNLL,RMD
RCKMNSW,RIC
RDLSDWN,RDD
RIDGMNT,RID
RIDNGML,RDM
RISCA,RCA
RISHTON,RIS
RBRTSBD,RBR
RWRMTLK,RRM
ROBY,ROB
RCHDALE,RCD
MNCRRSM,XRM
MNCRRCM,RTC
RCHE,ROC
RCHT,RTR
ROCHFD,RFD
ROCKFRY,RFY
ROCKFY1,RFY
RCKCLFH,SHT
ROGART,ROG
ROGRSTN,ROR
ROLSTN,ROL
ROMANBG,RMB
ROMFORD,RMF
ROMILEY,RML
ROMSEY,ROM
ROOSE,ROO
CATZRCM,RCM
CATZRCR,RCR
ROSG,RSG
ROHL,RSH
ROSLARE,RSB
CATZRSS,RSS
ROSYTH,ROS
ROTHCEN,RMC
RTHERHI,ROE
RSAY,RTY
RGHTNRD,RNR
RDHMTLK,RTH
RWLNDSC,RLN
ROWLEYR,ROW
ROYBDGE,RYB
ROYDON,RYN
ROYSTON,RYS
RUABON,RUA
RUFDORD,RUF
RUGBY,RUG
RUGLTWN,RGT
RUGL,RGL
RUNCORN,RUN
RUNCRNE,RUE
RSKNGTN,RKT
RUSWARP,RUS
RTHGLEN,RUT
RYDCATS,RYP
RYDE,RYD
RYDEHOV,XRD
RYDP,RYP
RYDS,RYR
RYDRBRW,RRB
RYEE,RYE
RYEHOUS,RYH
SALE,SLE
SWPMTLK,SPM
SLFDORD,SFD
SLFDCT,SLD
MNCRSQY,SAQ
SALFDS,SAF
SALHOUS,SAH
SLSBRY,SAL
SLSBY5B,SAL
SLSBY6B,SAL
SAIR,SAE
SASH,STS
SBRN,SLB
SLCT,SLT
SLTMRSH,SAM
SALWICK,SLW
SAMPCRT,SMC
SABR,SNA
SBCH,SDB
SDSD,SNR
SANDH,SDL
SNDHRST,SND
SDLG,SDG
SNDOWN,SAN
SDPLACE,SDP
SNDWDUD,SAD
SWCH,SDW
SNDY,SDY
SANKEY,SNK
SANQHAR,SQH
SARN,SRR
SDRSFOT,SDF
SUNDRTN,SDR
SBDGWTH,SAW
SAXILBY,SXY
SXMNDHM,SAX
SCARBRO,SCA
SCSCLDR,SCT
SCTSTNH,SCH
SCRBSTR,SCB
SCNTHRP,SCU
SEMILLS,SML
SEABURN,SEB
SEAFORD,SEF
SFRTHAL,SFL
SEAHAM,SEA
SEAMER,SEM
SEASCAL,SSC
SETNCRW,SEC
SEERGRN,SRG
SELBY,SBY
SELHRST,SRS
SELAFLD,SEL
SELLING,SEG
SELYOAK,SLY
SETTLE,SET
SETTLEJ,LPR
SVNKNGS,SVK
SEVNSIS,SVS
SVNOAKS,SEV
SVRNBCH,SVB
SEVTNLJ,STJ
SDMMTLK,SMM
SHADWEL,SDE
SHALFD,SFR
SHANKLN,SHN
SHCRPTN,SHA
SHWFAIR,SFI
SHAWFD,SHW
SHWLNDS,SHL
SHRNSOS,SSS
SHEFFLD,SHF
SHELFD,SED
SHENFLD,SNF
SHNS,SEN
SHPDSB,SPB
SWELL,SPH
SPLY,SPY
SHEPRTN,SHP
SHPRTH,STH
SHERBRN,SHE
SHBN,SIE
SHRGHAM,SHM
SHTLSTN,SLS
SHILDMR,SDM
SHIFNAL,SFN
SHDN,SHD
SHPLAKE,SHI
SHPY,SHY
SPHL,SPP
SPTN,SIP
SHRBROK,SHB
SHAMPTN,SHH
SHRKSKS,SRO
SHIRLEY,SRL
SHBRYNS,SRY
SHOLING,SHO
SHRDHST,SDC
SHRMKT,SEH
SHRHMBS,SSE
SHRTLND,SRT
SHRTLNJ,SRT
SHOTTON,SHT
SHOTTHL,SHT
SHTT,SHS
SHRWBY,SHR
SIDCUP,SID
DLMYJN,DAM
SILEBY,SIL
SILEBYJ,SIL
SILCRFT,SIC
SKSCMN,SLK
SIVRST,SLV
SDAL,SVR
SINGER,SIN
STNGBRN,SIT
CATZ006,XSB
SKEGNES,SKG
SKEWEN,SKE
SKPT,SKI
SLADEGN,SGR
SLTHWTE,SWT
MRSNTC,MSN
SLATEFD,SLA
SLEFD,SLR
SLEGHTS,SLH
CATZSLI,SLI
SLOUGH,SLO
SMLHTH,SMA
SMALBRK,SAB
GALTINT,SGB
SMTHKRS,SMR
SMITHAM,SMI
SMBG,SMB
SNAITH,SNI
SNODLND,SDA
SNWDNAN,SWO
SOLEST,SOR
SOLIHUL,SOL
SMRLYTN,SYT
SACTON,SAT
STHBANK,SBK
SBRMNDS,SBM
MNCRSCM,SCM
SCROYDN,SCY
SELMSAL,SES
SGFORD,SGN
STHGYLE,SGL
SHMPSTD,SOH
SKENTON,SOK
SMERTON,SMO
SMILFD,SOM
SRUISLP,SRU
STOTNHM,STO
WDON,WIM
WGSTS,SWS
WDHAMFR,SOF
STHALL,STL
SOTPKWY,SOA
SOTON,SOU
SOTNTQ,STQ
SBOURNE,SOB
SBOUBUS,SOB
SBURY,SBU
SCOTEJN,RDW
SESARDM,SEE
SESABUS,SEZ
STHEAIR,SIA
STHCENT,SOC
STHNDE,SOE
STHVIC,SOV
SMINSTR,SMN
SOUTHPT,SOP
SSEACLE,SHV
STHWICK,SWK
SWRBBDG,SOW
SPALDNG,SPA
SPEANBD,SBR
SPITAL,SPI
SPDN,SPO
SPONRRW,SPN
SPRD,SRI
SPRNGBN,SPR
SPFD,SPF
SQUIRES,SQU
STALBNA,SAA
STALBCY,SAC
STADJN,BHM
SADWRD,SAR
STAS,SAS
STAUSTL,SAU
STBEES,SBS
STBDXFR,SBF
STBDXVR,SBV
STCLMBR,SCR
STDENYS,SDN
STERTH,SER
STGRMNS,SGM
STHLNSC,SNH
STHLNSJ,SHJ
SHLIER,SIH
STIVES,SIV
STJMSST,SJS
STJAMSP,SJP
STJOHNS,SAJ
STKEYNE,SKN
STKEYNV,SKV
STLNRWS,SLQ
STMGTS,SMG
SMARGRT,SMT
STMRYC,SMY
STMCHLS,STM
STNEOTS,SNO
STPANCI,SPX
STPADOM,STP
STPX,STP
STPXBOX,STP
SNDRMNK,STZ
MNCRSWM,SWJ
STRUMLC,STD
STMAQUY,SMQ
STDI,STI
STAFFRD,STA
STAINES,SNS
SBROUGH,SLL
SBYD,SYB
STAMFD,SMD
STMFDHL,SMH
SLEHOPE,SFO
SHPE,SNP
STNLWAT,SNT
STANAIR,SSD
STANMFC,SST
SPHS,SPU
STPLTNR,SRD
STARBCK,SBE
STRCROS,SCS
STAVELY,SVL
STECHFD,SCF
STEETON,SON
STEPPS,SPS
STEVNGE,SVG
STVNSTN,STV
STWRTBY,SWR
STEWRTN,STT
STIRLNG,STG
STKP,SPT
STCKSFL,SKS
STKSMR,SSM
STOCTON,STK
STKM,SKM
STKNWNG,SKW
STOKEOT,SOT
STONE,SNE
STCR,SCG
STONECS,SCN
STONEGS,SGQ
STNBGPK,SBP
SNGT,SOG
SHVN,STN
STNHSE,SHU
STNHPO,SHU
STLEIGH,SNL
STWY,SOY
STRBDG1,SBJ
STRBDGJ,SBJ
STRBDGT,SBT
STOW,SOI
STWMRKT,SMK
STRNRR,STR
STFD,SRA
STFODOM,SFA
STFORDI,SDI
STFOEJN,SFA
SOAVPWY,STY
SOAV,SAV
STCN,STC
STRWBYH,STW
STRETHM,STE
STRHCOM,SRC
STRHILL,SRH
STHS,SHC
SFRD,SRF
STRINES,SRN
STRMFRY,STF
SNSS,SOS
STROOD,SOO
STRUD,STD
STURRY,STU
STYAL,SYA
SDBRYHR,SUD
SDBRYHH,SDH
SUDBURY,SUY
SGRLOAF,SUG
SUMRSTN,SUM
SUNBURY,SUU
SNDRLND,SUN
SNDP,SUP
SUNNGDL,SNG
SUNYMDS,SNY
SURBITN,SUR
SURREYQ,SQE
STTNPWY,SPK
SUTTON,SUO
SUTCO,SUT
SUTTONC,SUC
PBROSTI,SWB
SWALE,SWL
SWNAGE,SGE
SWLY,SAY
SWNSCMB,SWM
SWNSGD,SWM
SWANSEA,SWA
SWNWICK,SNW
SWAY,SWY
SWYTHLN,SWG
SWNDRBY,SWD
SDON,SWI
SWSHEAD,SWE
SWINTN,SWN
SWNT,SNN
SYDENHM,SYD
SYDNHMH,SYH
SYDNFD,SYH
SYONLA,SYL
SYSTON,SYS
TACKLEY,TAC
TADWTH,TAD
TADWBUS,TTA
TAFFSWL,TAF
TAIN,TAI
TALYCFN,TLC
TLSRNAU,TAL
TALB,TLB
TAMEBDG,TAB
TMWTHLL,TAM
TMWTHHL,TAM
TAPLOW,TAP
TATNHMC,TAT
TAUNTON,TAU
TAYNULT,TAY
TEDNGTN,TED
TSDARPR,TEA
TEINMTH,TGM
TELFRDC,TFC
TMPCMB,TMC
CATZTEM,TEM
TENBY,TEN
TEYNHAM,TEY
TEYNDVC,TEY
TDITTON,THD
THATCHM,THA
THHT,THH
HNDSHWT,THW
THELAKS,TLK
THEALE,THE
THBLDSG,TEO
THETFD,TTF
THNGLYJ,CPM
THIRSK,THI
CATZTHM,THM
TABY,TBY
THORNEN,TNN
THORNES,TNS
THFORD,THO
THLB,THB
THABBEY,TNA
THTH,TTH
THAL,THT
THOPBAY,TPB
TCULVRT,TPC
THPLESK,TLS
THBDGS,TBD
THOK,TOK
THOKLB,TOK
THBGJN,SWN
THRGRTN,THU
CATZTUS,TUS
TRNO,THC
THURSO,THS
THUSTON,TRS
TLBYRSD,TBR
TLBYTWN,TIL
TILEH,THL
TILHRST,TLH
TIMPRLY,TIM
TINSLSJ,MHS
CATZTPY,TPY
TIPTON,TIP
TIRPHIL,TIR
TISBURY,TIS
TIVIPW,TVP
TODMRDN,TOD
TOLWTH,TOL
TONPNTR,TPN
TONBDG,TON
TONDU,TDU
TONFNAU,TNF
TNYPNDY,TNP
TOOTING,TOO
TOPSHAM,TOP
TORQUAY,TQY
TORRE,TRR
TOTNES,TOT
TOTNSTA,XDP
TTNHMHL,TOM
TOTTON,TTN
TWGWDLR,ZTG
TOWNGRN,TWN
TFBMTLK,TBM
TRFDPK,TRA
TRALEE,TRL
TREFRST,TRF
TRFRSTE,TRE
TREHAFD,TRH
TREHRBT,TRB
TREORCY,TRY
TRIMLEY,TRM
TRING,TRI
TRDYRHW,TRD
TROON,TRN
TRWBRDG,TRO
TRURO,TRU
CATZTUM,TUM
TULLOCH,TUL
TULSEH,TUH
TUNWELL,TBW
TURKYST,TUR
HRNSTPL,ZTL
TUTBURY,TUT
TWDBANK,TWB
TWCKNHM,TWI
TWYFORD,TWY
TYCROES,TYC
TYGLAS,TGS
TYGWYN,TYG
TYNDRML,TYL
TYSL,TYS
TYWYN,TYW
UCKFILD,UCK
UDNGSTN,UDD
ULCEBY,ULC
ULLAPOL,ULP
ULESKLF,ULL
ULVRSTN,ULV
UMBRLGH,UMB
UNVRSYB,UNI
WREXGUB,WRX
UPHALL,UHA
UPHOLND,UPL
UPMNSTR,UPM
UPMNSP6,UPM
UHALIFD,UPH
UPRHLWY,UHL
TYNDRMU,UTY
UWRLNGH,UWL
UPTON,UPT
UPWEY,UPW
URMSTON,URM
UTOXETR,UTT
VALLEY,VAL
VAUXHLM,VXH
VAUXHLW,VXH
VAUXHAL,VXH
MNCRVPM,VPM
VICTRIC,VIC
VICTRIE,VIC
VRGNWTR,VIR
WADDON,WDO
WADHRST,WAD
WAINFLT,WFL
WKFLDKG,WKK
WKFLDWG,WKF
WALKDEN,WKD
WALAGRD,WLG
WALASYV,WLV
WALNGTN,WLT
WALLYFD,WAF
WALMER,WAM
WALSALL,WSL
WDEN,WDN
WALHAMX,WLC
WLTWCEN,WHC
WLTHQRD,WMW
WALTONM,WAO
WONT,WAL
WONNAZE,WON
WANBRO,WAN
WANDCMN,WSW
WNDSWRD,WWR
WDWTOWN,WNT
WNSTDPK,WNP
WAPPING,WPE
WRBLNGT,WBL
WARE,WAR
WARHAM,WRM
WARGRAV,WGV
WRMNSTR,WMN
MOREWWR,MTN
WARNHAM,WNH
WRGTNBQ,WBQ
WRGT,WAC
WARWICK,WRW
WARWPWY,WRP
WTRORTN,WTO
WATBECH,WBC
WATERFD,WFD
WTRNGBY,WTR
WLOE,WAE
WLOO,WLO
WATRINT,WAT
WATRLOO,WAT
WATRLMN,WAT
WATRLOW,WAT
WATFDHS,WFH
WATFDJ,WFJ
WATFJDC,WFJ
WATFDN,WFN
WATLGTN,WTG
WATONAS,WAS
WAUNGRN,WNG
WVRTTEC,WAV
MNCRWST,WMT
WEDGORB,WER
WEDGWD,WED
WEDGORD,WEO
WEELEY,WEE
WEETON,WET
WELHAMG,WMG
WELLING,WLI
WLNGBRO,WEL
WELNGTN,WLN
WELSHPL,WLP
WLWYNGC,WGC
WLWYNN,WLW
WEMM,WEM
WMBY,WMB
WMBYDC,WMB
WEMBLSM,WCX
WEMYSSB,WMS
WENDOVR,WND
WENNGTN,WNN
WALERTN,WSA
WBRMPTN,WBP
WBYFLET,WBY
WCALDER,WCL
COWESW,WTW
WCROYDN,WCY
MNCRWDI,WDI
WDRYTON,WDT
WDULWCH,WDU
WDULCRD,WDU
WEALING,WEA
WHAMHL,WEH
WHMDSTD,WHD
WHMPSTM,WHP
WHORNDN,WHR
WKILBRD,WKB
WKIRBY,WKI
WLSDWLJ,WIJ
WMALING,WMA
WNORWOD,WNW
WRUISLP,WRU
WRUNTON,WRN
WSLE,WLD
WSUTTON,WSU
WWICKHM,WWI
WWRTHNG,WWO
WSTBRYW,WSB
WCLIFF,WCF
WCOMBEP,WCB
WENHNGR,WHA
WHAILES,WTA
WSTRFLD,WFI
WESTRTN,WES
WESGTOS,WGA
WSTHOTN,WHG
WMILTON,WNM
WSMARE,WSM
CATZWPT,WPT
MNCRWWM,WWM
WETHERL,WRL
WEXFDOH,WXF
WEYBDGE,WYB
WEYBDGB,WYB
WEYMTH,WEY
WEYMTHQ,WYQ
WHALYBG,WBR
WHALLEY,WHE
WATSTND,WTS
WHIFLET,WFF
WHIMPLE,WHM
WHINH,WNL
WHISTON,WHN
WTBY,WTB
WHTCHRH,WCH
WCHR,WTC
WHCH,WHT
WHHRTLA,WHL
WNOTLEY,WNY
WCHAPEL,ZLW
WTCR,WCR
WHFD,WTF
WHITHVN,WTH
WHLAND,WTL
WHTBDGE,WBD
WHLE,WTE
WHSTBLE,WHI
WHTLSEA,WLE
WTLESFD,WLF
WHTTON,WTN
WHWLL,WWL
WHYTELF,WHY
WHYTLFS,WHS
WHYTBUS,WHS
WICK,WCK
WIKFORD,WIC
WCKHMMR,WCM
WKLW,WKL
WDRNGTN,WDD
WIDNES,WID
WDNYMNR,WMR
WIGANNW,WGN
WIGANWL,WGW
WIGTON,WGT
WLDMILL,WMI
WLSD,WIJ
WLSDJHL,WIJ
WLSDNJL,WIJ
WMWD,WLM
WLNTNON,WIL
WILMCOT,WMC
WLMSL,WML
WILNECT,WNE
WIMBLDN,WIM
WIMLCHS,WBO
WINCHLS,WSE
WINCNEW,WNI
WINCSEA,WSE
WNCHSTR,WIN
WNCFILD,WNF
WNMHILL,WIH
WNCOJN,MHS
WMER,WDM
WINDSEC,WNC
WSORAER,WNR
WINERSH,WNS
WINETGL,WTI
WNSFD,WSF
CATZ007,WIR
WISBBUS,WIS
WISHAW,WSH
WITHAME,WTM
MNCRWML,WMM
WITLEY,WTY
WITTON,WTT
WVLSFLD,WVF
WIVENHO,WIV
WOBURNS,WOB
WOKING,WOK
WOKNGHM,WKM
WLDNGHM,WOH
WOLSHAM,WLH
WVRMPTN,WVH
WLVR,WOL
WOMBWEL,WOM
WDND,WDE
WDST,WST
WODBDGE,WDB
WDGRNPK,WGR
WHHL,WDL
WDHOUSE,WDH
WDLNDSR,WDR
CATZWLA,WLA
WDLESFD,WDS
WOODLEY,WLY
WDMNSTR,WME
WMOR,WSR
WOOL,WOO
WOLSTON,WLS
WOLWCHA,WWA
WOLWCDY,WWD
WOTONWN,WWW
WORCSFS,WOF
WRCSTRP,WCP
WORCSSH,WOS
WKNT,WKG
WORKSOP,WRK
WORLE,WOR
WRPLSDN,WPL
WORSTED,WRT
WORTHNG,WRH
WRABNES,WRB
WRYSBRY,WRY
WRENBRY,WRE
WRESSLE,WRS
WREXHMC,WXC
WREXHMG,WRX
WYEE,WYE
WYLAM,WYM
WYGN,WYL
WYMNDHM,WMD
WYTH,WYT
WSPMTLK,WPM
WTCMTLK,WHK
YALDING,YAL
YRDLYWD,YRD
YAAM,YRM
YMTHIOW,YMH
YATE,YAE
YATTON,YAT
YEOFORD,YEO
YOVILJN,YVJ
YOVILJS,YVJ
YOVILPM,YVP
YOVILPS,YVP
YTMNSTR,YET
YNYSWEN,YNW
YOKER,YOK
YORK,YRK
YORTON,YRT
YSTRADM,YSM
YTRHOND,YSR
