Abbey Wood (London) Rail Station,ABWD
Aber Rail Station,ABER
Abercynon Rail Station,ABRCYNS
Aberdare Rail Station,ABDARE
Aberdeen Rail Station,ABRDEEN
Aberdour Rail Station,ABDO
Aberdovey Rail Station,ABDVY
Abererch Rail Station,ABRE
Abergavenny Rail Station,ABRGVNY
Abergele & Pensarn Rail Station,ABGLELE
Aberystwyth Rail Station,ABRYSTH
Accrington Rail Station,ACRNGTN
Achanalt Rail Station,ACHANLT
Achnasheen Rail Station,ACHNSHN
Achnashellach Rail Station,ACHHSHL
Acklington Rail Station,ACKLNGT
Acle Rail Station,ACLE
Acocks Green Rail Station,ACOCKSG
Acton Bridge Rail Station,ACBG
Acton Central Rail Station,ACTNCTL
Acton Main Line Rail Station,ACTONML
Adderley Park Rail Station,ADERLYP
Addiewell Rail Station,ADIEWEL
Addlestone Rail Station,ADLESTN
Adisham Rail Station,ADISHAM
Adlington (Cheshire) Rail Station,ADLC
Adlington (Lancs) Rail Station,ADNL
Adwick Rail Station,ADWICK
Aigburth Rail Station,AIGBURT
Ainsdale Rail Station,AINSDAL
Aintree Rail Station,AINTREE
Airbles Rail Station,AIRBLES
Airdrie Rail Station,AIRDRIE
Albany Park Rail Station,ALBNYPK
Albrighton Rail Station,ALBRGHT
Alderley Edge Rail Station,ALDEDGE
Aldermaston Rail Station,ALDMSTN
Aldershot Rail Station,ALDRSHT
Aldrington Rail Station,ALDTON
Alexandra Palace Rail Station,ALEXNDP
Alexandra Parade Rail Station,ALXPD
Alexandria Rail Station,ALXANDR
Alfreton Rail Station,ALFRETN
Allens West Rail Station,ALLENSW
Alloa Rail Station,ALLOA
Alness Rail Station,ALNESS
Alnmouth Rail Station,ALNMOTH
Alresford (Essex) Rail Station,ALRESFD
Alsager Rail Station,ALSAGER
Althorne Rail Station,ALTHORN
Althorpe Rail Station,ALTPE
Altnabreac Rail Station,ALTNBRC
Alton Rail Station,ALTON
Altrincham Rail Station,ALTRNHM
Alvechurch Rail Station,ALVCHRC
Ambergate Rail Station,AMBERGT
Amberley Rail Station,AMLY
Amersham Rail Station,AMERSHM
Ammanford Rail Station,AMMANFD
Ancaster Rail Station,ANCASTR
Anderston Rail Station,ANDRSTN
Andover Rail Station,ANDOVER
Anerley Rail Station,ANERLEY
Angel Road Rail Station,ANGELRD
Angmering Rail Station,ANGMRNG
Annan Rail Station,ANNAN
Anniesland Rail Station,ANSL
Ansdell & Fairhaven Rail Station,ANSDELL
Appleby Rail Station,APBY
Appledore (Kent) Rail Station,APDR
Appleford Rail Station,APPLEFD
Appley Bridge Rail Station,APLYBDG
Apsley Rail Station,APSLEY
Arbroath Rail Station,ARBROTH
Ardgay Rail Station,ARDGAY
Ardlui Rail Station,ARDLUI
Ardrossan Harbour Rail Station,ARDRSHB
Ardrossan South Beach Rail Station,ARDRSSB
Ardrossan Town Rail Station,ARDRSTN
Ardwick Rail Station,ARDWICK
Argyle Street Rail Station,ARGYLST
Arisaig Rail Station,ARISAIG
Arlesey Rail Station,ARLSEY
Armadale (W Lothian) Rail Station,ARMDALE
Armathwaite Rail Station,ARMTHWT
Arnside Rail Station,ARNSIDE
Arram Rail Station,ARRAM
Arrochar & Tarbet Rail Station,ARCHRAT
Arundel Rail Station,ARUNDEL
Ascot Rail Station,ASCOT
Ascott-under-Wychwood Rail Station,ASCTUWD
Ash Rail Station,ASHH
Ash Vale Rail Station,ASHVALE
Ashburys Rail Station,ASHBRYS
Ashchurch for Tewkesbury Rail Station,ASHCHRC
Ashfield Rail Station,ASFIELD
Ashford (Surrey) Rail Station,ASFDMSX
Ashford International Rail Station,ASHFKY
Ashley Rail Station,ASHLEY
Ashtead Rail Station,ASHD
Ashton-under-Lyne Rail Station,ASHONUL
Ashurst (Kent) Rail Station,ASHURST
Ashurst New Forest Rail Station,LYNDHRD
Ashwell & Morden Rail Station,ASHWELC
Askam Rail Station,ASKAM
Aslockton Rail Station,ASLCKTN
Aspatria Rail Station,ASPTRIA
Aspley Guise Rail Station,ASPLEYG
Aston Rail Station,ASTON
Atherstone Rail Station,ATHRSTN
Atherton Rail Station,ATHERTN
Attadale Rail Station,ATADALE
Attenborough Rail Station,ATNBRO
Attleborough Rail Station,ATTLBON
Auchinleck Rail Station,ACHILCK
Audley End Rail Station,AUDLEYE
Aughton Park Rail Station,AGHTNPH
Aviemore Rail Station,AVIEMRE
Avoncliff Rail Station,AVNCLFF
Avonmouth Rail Station,AVONMTH
Axminster Rail Station,AXMNSTR
Aylesbury Rail Station,AYLSBRY
Aylesbury Vale Parkway Rail Station,AYLSPWY
Aylesford Rail Station,AYLESFD
Aylesham Rail Station,ALSHAM
Ayr Rail Station,AYRR
Bache Rail Station,BACHE
Baglan Rail Station,BGLAN
Bagshot Rail Station,BAGSHOT
Baildon Rail Station,BAILDON
Baillieston Rail Station,BALISTN
Balcombe Rail Station,BALCOMB
Baldock Rail Station,BALDOCK
Balham Rail Station,BALHAM
Balloch Rail Station,BALLOCH
Balmossie Rail Station,BALMOSS
Bamber Bridge Rail Station,BMBRBDG
Bamford Rail Station,BAMFORD
Banavie Rail Station,BANAVIE
Banbury Rail Station,BNBR
Bangor (Gwynedd) Rail Station,BANGOR
Bank Hall Rail Station,BNKHALL
Banstead Rail Station,BANSTED
Barassie Rail Station,BARASIE
Bardon Mill Rail Station,BRDNML
Bare Lane Rail Station,BARELA
Bargeddie Rail Station,BRGDDIE
Bargoed Rail Station,BARGOED
Barking Rail Station,BARKING
Barlaston Rail Station,BARLSTN
Barming Rail Station,BARMING
Barmouth Rail Station,BRMOUTH
Barnehurst Rail Station,BRNHRST
Barnes Bridge Rail Station,BNSBDGE
Barnes Rail Station,BARNES
Barnetby Rail Station,BNTBY
Barnham Rail Station,BRHM
Barnhill Rail Station,BNHL
Barnsley Rail Station,BNSLY
Barnstaple Rail Station,BRNSTPL
Barnt Green Rail Station,BGRN
Barrhead Rail Station,BRHD
Barrhill Rail Station,BRRHL
Barrow Haven Rail Station,BARWHVN
Barrow upon Soar Rail Station,BAROWOS
Barrow-in-Furness Rail Station,BAROW
Barry Docks Rail Station,BARRYDK
Barry Island Rail Station,BARRYIS
Barry Links Rail Station,BRRYLNK
Barry Rail Station,BARRY
Barton-on-Humber Rail Station,BRTHMBR
Basildon Rail Station,BASILDN
Basingstoke Rail Station,BSNGSTK
Bat & Ball Rail Station,BATABAL
Bath Spa Rail Station,BATHSPA
Bathgate Rail Station,BTHGATE
Batley Rail Station,BATLEY
Battersby Rail Station,BTRSBY
Battersea Park Rail Station,BATRSPK
Battle Rail Station,BATTLE
Battlesbridge Rail Station,BTLSBDG
Bayford Rail Station,BAYFORD
Beaconsfield Rail Station,BCNSFLD
Bearley Rail Station,BEARLEY
Bearsden Rail Station,BSDN
Bearsted Rail Station,BSTD
Beasdale Rail Station,BEASDAL
Beaulieu Road Rail Station,BLIEURD
Beauly Rail Station,BEAULY
Bebington Rail Station,BEBNGTN
Beccles Rail Station,BECCLES
Beckenham Hill Rail Station,BCKNHMH
Beckenham Junction Rail Station,BCKNHMJ
Bedford Rail Station,BEDFDM
Bedford St Johns Rail Station,BESJOHN
Bedhampton Rail Station,BDHMPTN
Bedminster Rail Station,BDMNSTR
Bedworth Rail Station,BEDWRTH
Bedwyn Rail Station,BEDYN
Beeston Rail Station,BESTON
Bekesbourne Rail Station,BEKSBRN
Belle Vue Rail Station,BLLVUE
Bellgrove Rail Station,BLGRVE
Bellingham Rail Station,BELNGHM
Bellshill Rail Station,BLSHL
Belmont Rail Station,BELM
Belper Rail Station,BELPER
Beltring Rail Station,BLTRNAB
Belvedere Rail Station,BELVEDR
Bempton Rail Station,BEMPTON
Ben Rhydding Rail Station,BNRHYDN
Benfleet Rail Station,BENFLET
Bentham Rail Station,BNTHAM
Bentley (Hants) Rail Station,BNTEY
Bentley (S Yorks) Rail Station,BTLYSY
Bere Alston Rail Station,BEREALS
Bere Ferrers Rail Station,BEREFRS
Berkhamsted Rail Station,BERKHMD
Berkswell Rail Station,BKSWELL
Berney Arms Rail Station,BRNYARM
Berry Brow Rail Station,BERRYB
Berrylands Rail Station,BRLANDS
Berwick (Sussex) Rail Station,BERWICK
Berwick-upon-Tweed Rail Station,BRWCKUT
Bescar Lane Rail Station,BESCRLA
Bescot Stadium Rail Station,BSCTSTA
Betchworth Rail Station,BTCHWTH
Bethnal Green Rail Station,BTHNLGR
Betws-y-Coed Rail Station,BETSYCD
Beverley Rail Station,BEVERLY
Bexhill Rail Station,BEXHILL
Bexley Rail Station,BEXLEY
Bexleyheath Rail Station,BXLYHTH
Bicester North Rail Station,BCSTN
Bicester Town Rail Station,BCSTRTN
Bickley Rail Station,BICKLEY
Bidston Rail Station,BDSTON
Biggleswade Rail Station,BIGLSWD
Bilbrook Rail Station,BILBROK
Billericay Rail Station,BILERCY
Billingham Rail Station,BLNGHM
Billingshurst Rail Station,BILSHST
Bingham Rail Station,BINGHAM
Bingley Rail Station,BNGY
Birchgrove Rail Station,BCHGRV
Birchington-on-Sea Rail Station,BCNGNOS
Birchwood Rail Station,BIRCHWD
Birkbeck Rail Station,BIRKBCK
Birkdale Rail Station,BKDLE
Birkenhead Central Rail Station,BRKNHDC
Birkenhead Hamilton Square Rail Station,HAMTSQ
Birkenhead North Rail Station,BRKNHDN
Birkenhead Park Rail Station,BRKNHDP
Birmingham International Rail Station,BHAMINT
Birmingham Moor Street Rail Station,BHAMMRS
Birmingham New Street Rail Station,BHAMNWS
Birmingham Snow Hill Rail Station,BHAMSNH
Bishop Auckland Rail Station,BSAUKLD
Bishopbriggs Rail Station,BSHB
Bishop's Lydeard,BSPSLYD
Bishops Stortford Rail Station,BSHPSFD
Bishopstone Rail Station,BSSN
Bishopton Rail Station,BISHPTN
Bitterne Rail Station,BITERNE
Blackburn Rail Station,BLKB
Blackheath Rail Station,BLKHTH
Blackhorse Road Rail Station,BLCHSRD
Blackpool North Rail Station,BLCKPLN
Blackpool Pleasure Beach Rail Station,BLCKPB
Blackpool South Rail Station,BLCKS
Blackridge Rail Station,BLKRDGE
Blackrod Rail Station,BLRD
Blackwater Rail Station,BCKWATR
Blaenau Ffestiniog Rail Station,BLAENAU
Blair Atholl Rail Station,BLARATH
Blairhill Rail Station,BLAIRHL
Blake Street Rail Station,BLKST
Blakedown Rail Station,BLAKEDN
Blantyre Rail Station,BLANTYR
Blaydon Rail Station,BLAYDON
Bleasby Rail Station,BLEASBY
Bletchley Rail Station,BLTCHLY
Bloxwich North Rail Station,BLOXN
Bloxwich Rail Station,BLOXWCH
Blundellsands & Crosby Rail Station,BLNDLAC
Blythe Bridge Rail Station,BLYBDGE
Bodmin Parkway Rail Station,BODMNPW
Bodorgan Rail Station,BODORGN
Bognor Regis Rail Station,BOGNORR
Bogston Rail Station,BOGSTON
Bolton Rail Station,BOLTON
Bolton-on-Dearne Rail Station,BLTNODR
Bookham Rail Station,BOOKHAM
Bootle (Cumbria) Rail Station,BOOTLE
Bootle New Strand Rail Station,BOOTLNS
Bootle Oriel Road Rail Station,BOOTLOR
Bordesley Rail Station,BRDS
Borough Green & Wrotham Rail Station,BORWGAW
Borth Rail Station,BORTH
Bosham Rail Station,BOSHAM
Boston Rail Station,BOSTON
Botley Rail Station,BOTLEY
Bottesford Rail Station,BOTESFD
Bourne End Rail Station,BORNEND
Bournemouth Rail Station,BOMO
Bournville Rail Station,BOURNVL
Bow Brickhill Rail Station,BOWBRKH
Bowes Park Rail Station,BOWESPK
Bowling Rail Station,BOWLING
Boxhill & Westhumble Rail Station,BOXHAWH
Bracknell Rail Station,BRACKNL
Bradford Forster Square Rail Station,BRADFS
Bradford Interchange Rail Station,BRADIN
Bradford-on-Avon Rail Station,BRDFDOA
Brading Rail Station,BRDING
Braintree Freeport Rail Station,BRAINFP
Braintree Rail Station,BRAINTR
Bramhall Rail Station,BMHL
Bramley (Hants) Rail Station,BMLY
Bramley (West Yorks) Rail Station,BRMLYSR
Brampton (Cumbria) Rail Station,BRMPTNC
Brampton (Suffolk) Rail Station,BRAMPTN
Branchton Rail Station,BRNCHTN
Brandon Rail Station,BNDON
Branksome Rail Station,BRANKSM
Braystones Rail Station,BRYSTNS
Bredbury Rail Station,BREDBRY
Breich Rail Station,BREICH
Brentford Rail Station,BNTFORD
Brentwood Rail Station,BRTWOOD
Bricket Wood Rail Station,BCWD
Bridge of Allan Rail Station,BGOALAN
Bridge of Orchy Rail Station,BOORCHY
Bridgend Rail Station,BRGEND
Bridgeton Rail Station,BRIDGTN
Bridgwater Rail Station,BRDGWTR
Bridlington Rail Station,BRDLNGT
Brierfield Rail Station,BRIERFL
Brigg Rail Station,BRGG
Brighouse Rail Station,BRHOUSE
Brighton Rail Station,BRGHTN
Brimsdown Rail Station,BRIMSDN
Brinnington Rail Station,BRNGTN
Bristol Parkway Rail Station,BRSTPWY
Bristol Temple Meads Rail Station,BRSTLTM
Brithdir Rail Station,BRITHDR
British Steel Redcar Rail Station,REDCBSC
Briton Ferry Rail Station,BRITFRY
Brixton Rail Station,BRIXTON
Broad Green Rail Station,BROADGR
Broadbottom Rail Station,BRBM
Broadstairs Rail Station,BRSR
Brockenhurst Rail Station,BKNHRST
Brockholes Rail Station,BKHLS
Brockley Rail Station,BROCKLY
Brockley Whins Rail Station,BRWHINS
Bromborough Rail Station,BRMB
Bromborough Rake Rail Station,BRMBRK
Bromley Cross Rail Station,BRMCRSS
Bromley North Rail Station,BROMLYN
Bromley South Rail Station,BROMLYS
Bromsgrove Rail Station,BRMSGRV
Brondesbury Park Rail Station,BRBYPK
Brondesbury Rail Station,BRBY
Brookmans Park Rail Station,BRKMNPK
Brookwood Rail Station,BRKWOOD
Broome Rail Station,BROOME
Broomfleet Rail Station,BRFT
Brora Rail Station,BRORA
Brough Rail Station,BROUGH
Broughty Ferry Rail Station,BRFRY
Broxbourne Rail Station,BROXBRN
Bruce Grove Rail Station,BRUCGRV
Brundall Gardens Rail Station,BRUNDLG
Brundall Rail Station,BRUNDAL
Brunstane Rail Station,BRUSTAN
Brunswick Rail Station,BNWK
Bruton Rail Station,BRUTON
Bryn Rail Station,BRYN
Buckenham Rail Station,BUCKNHM
Buckley Rail Station,BCKY
Bucknell Rail Station,BKNELL
Bugle Rail Station,BUGLE
Builth Road Rail Station,BUILTHR
Bulwell Rail Station,BULWELL
Bures Rail Station,BURES
Burgess Hill Rail Station,BURGESH
Burley Park Rail Station,BRLEYPK
Burley-in-Wharfedale Rail Station,BURLYIW
Burnage Rail Station,BAGE
Burneside (Cumbria) Rail Station,BNSD
Burnham (Berks) Rail Station,BNHAM
Burnham-on-Crouch Rail Station,BRNMONC
Burnley Barracks Rail Station,BURNLYB
Burnley Central Rail Station,BURNLYC
Burnley Manchester Road Rail Station,BURNMR
Burnside (Strathclyde) Rail Station,BRSDE
Burntisland Rail Station,BISLND
Burscough Bridge Rail Station,BRSCGHB
Burscough Junction Rail Station,BRSCGHJ
Bursledon Rail Station,BURSLDN
Burton Joyce Rail Station,BRTJYC
Burton-on-Trent Rail Station,BURTNOT
Bury St Edmunds Rail Station,BSTEDMS
Busby Rail Station,BUSBY
Bush Hill Park Rail Station,BHILLPK
Bushey Rail Station,BUSHEY
Butlers Lane Rail Station,BTLRSLA
Buxted Rail Station,BXTD
Buxton Rail Station,BUXTON
Byfleet & New Haw Rail Station,BYFLANH
Bynea Rail Station,BYNEA
Cadoxton Rail Station,CADOXTN
Caergwrle Rail Station,CAERGWL
Caerphilly Rail Station,CRPHLY
Caersws Rail Station,CARSWS
Caldercruix Rail Station,CLDRCRX
Caldicot Rail Station,CDCOT
Caledonian Road & Barnsbury Rail Station,CLDNNRB
Calstock Rail Station,CALSTCK
Cam & Dursley Rail Station,DURSLEY
Camberley Rail Station,CMBLEY
Camborne Rail Station,CBORNE
Cambridge Heath (London) Rail Station,CAMHTH
Cambridge Rail Station,CAMBDGE
Cambuslang Rail Station,CMBSLNG
Camden Road Rail Station,CMDNRD
Camelon Rail Station,CAMELON
Canada Water Rail Station,CNDAW
Canley Rail Station,CANLEY
Cannock Rail Station,CNCK
Canonbury Rail Station,CNNB
Canterbury East Rail Station,CNTBE
Canterbury West Rail Station,CNTBW
Cantley Rail Station,CNTLEY
Capenhurst Rail Station,CPNHRST
Carbis Bay Rail Station,CARBISB
Cardenden Rail Station,CDND
Cardiff Bay Rail Station,CARDFBR
Cardiff Central Rail Station,CRDFCEN
Cardiff Queen Street Rail Station,CARDFQS
Cardonald Rail Station,CDNL
Cardross Rail Station,CDRS
Carfin Rail Station,CARFIN
Cark Rail Station,CARK
Carlisle Rail Station,CARLILE
Carlton Rail Station,CRTN
Carluke Rail Station,CRLK
Carmarthen Rail Station,CMTHN
Carmyle Rail Station,CARMYLE
Carnforth Rail Station,CRNF
Carnoustie Rail Station,CNST
Carntyne Rail Station,CNTY
Carpenders Park Rail Station,CRPNDPK
Carrbridge Rail Station,CARRBDG
Carshalton Beeches Rail Station,CRSHLTB
Carshalton Rail Station,CRSHLTN
Carstairs Rail Station,CRSTRS
Cartsdyke Rail Station,CRTSDYK
Castle Bar Park Rail Station,CBARPAR
Castle Cary Rail Station,CCARY
Castleford Rail Station,CASTLFD
Castleton (Manchester) Rail Station,CSTL
Castleton Moor Rail Station,CTNM
Caterham Rail Station,CATERHM
Catford Bridge Rail Station,CATFBDG
Catford Rail Station,CATFORD
Cathays Rail Station,CATHAYS
Cathcart Rail Station,CCRT
Cattal Rail Station,CATTAL
Causeland Rail Station,CAUSLND
Cefn-y-Bedd Rail Station,CEFNYBD
Chadwell Heath Rail Station,CHDWLHT
Chafford Hundred Rail Station,CHADHDD
Chalfont and Latimer Rail Station,CHLFNAL
Chalkwell Rail Station,CHLKWEL
Chandlers Ford Rail Station,CSFD
Chapel-en-le-Frith Rail Station,CHEF
Chapelton (Devon) Rail Station,CHAPLTN
Chapeltown Rail Station,CHPLTWN
Chappel & Wakes Colne Rail Station,CHPWKSC
Charing (Kent) Rail Station,CRNG
Charing Cross (Glasgow) Rail Station,CHRNGXG
Charlbury Rail Station,CHBURY
Charlton Rail Station,CRLN
Chartham Rail Station,CHARTHM
Chassen Road Rail Station,CHASNRD
Chatelherault Rail Station,CHTLRT
Chatham Rail Station,CHATHAM
Chathill Rail Station,CHHL
Cheadle Hulme Rail Station,CHDH
Cheam Rail Station,CHEAM
Cheddington Rail Station,CHDNGTN
Chelford Rail Station,CHELFD
Chelmsford Rail Station,CHLMSFD
Chelsfield Rail Station,CHLSFLD
Cheltenham Spa Rail Station,CHLTNHM
Chepstow Rail Station,CHEPSTW
Cherry Tree Rail Station,CHTR
Chertsey Rail Station,CHTSEY
Cheshunt Rail Station,CHESHNT
Chessington North Rail Station,CHSSN
Chessington South Rail Station,CHSSS
Chester Rail Station,CHST
Chester Road Rail Station,CHSRD
Chesterfield Rail Station,CHFD
Chester-le-Street Rail Station,CLST
Chestfield & Swalecliffe Rail Station,CHSW
Chetnole Rail Station,CHETNOL
Chichester Rail Station,CHCHSTR
Chilham Rail Station,CLMN
Chilworth Rail Station,CHLWTH
Chingford Rail Station,CHINGFD
Chinley Rail Station,CHNLY
Chippenham Rail Station,CHIPNHM
Chipstead Rail Station,CHSD
Chirk Rail Station,CHIRK
Chislehurst Rail Station,CHSLHRS
Chiswick Rail Station,CHISWCK
Cholsey Rail Station,CHOLSEY
Chorley Rail Station,CHORLEY
Chorleywood Rail Station,CHRW
Christchurch Rail Station,CHRISTC
Christs Hospital Rail Station,CHRSTSH
Church & Oswaldtwistle Rail Station,CHOS
Church Fenton Rail Station,CHFN
Church Stretton Rail Station,CSTR
Cilmeri Rail Station,CILMERY
City Thameslink Rail Station,CTMSLNK
Clacton-on-Sea Rail Station,CLACTON
Clandon Rail Station,CLANDON
Clapham (N Yorks) Rail Station,CLPM
Clapham High Street Rail Station,CLPHHS
Clapton Rail Station,CLAPTON
Clarbeston Road Rail Station,CLARBRD
Clarkston Rail Station,CLRKSTN
Claverdon Rail Station,CLAVRDN
Claygate Rail Station,CLYGATE
Cleethorpes Rail Station,CLTHRPS
Cleland Rail Station,CLELAND
Clifton (Manchester) Rail Station,CLTN
Clifton Down Rail Station,CLFDOWN
Clitheroe Rail Station,CLITHRO
Clock House Rail Station,CLOCKHS
Clunderwen Rail Station,CLYNDRW
Clydebank Rail Station,CLYBANK
Coatbridge Central Rail Station,COATBDC
Coatbridge Sunnyside Rail Station,COATBDS
Coatdyke Rail Station,COATDYK
Cobham & Stoke d'Abernon Rail Station,CBHMSDA
Codsall Rail Station,CODSALL
Cogan Rail Station,COGAN
Colchester Rail Station,CLCHSTR
Colchester Town Rail Station,CLCHRTN
Coleshill Parkway Rail Station,COLESHL
Collingham Rail Station,CLHM
Collington Rail Station,CTNG
Colne Rail Station,COLNE
Colwall Rail Station,CLWALL
Colwyn Bay Rail Station,CBAY
Combe (Oxon) Rail Station,COMBE
Commondale Rail Station,COMONDL
Congleton Rail Station,CONGLTN
Conisbrough Rail Station,CONBRGH
Connel Ferry Rail Station,CONNELF
Cononley Rail Station,CONONLY
Conway Park Rail Station,BRKNCPK
Conwy Rail Station,CONWY
Cooden Beach Rail Station,CODNBCH
Cookham Rail Station,COOKHAM
Cooksbridge Rail Station,COKSBDG
Coombe Junction Halt (Rail Station),COOMBE
Copplestone Rail Station,COPLSTN
Corbridge Rail Station,CRBG
Corby Rail Station,CORBY
Corkerhill Rail Station,CKHL
Corkickle Rail Station,CRCK
Corpach Rail Station,CORPACH
Corrour Rail Station,CORROUR
Coryton Rail Station,CORYTON
Coseley Rail Station,COSELEY
Cosford Rail Station,COSFORD
Cosham Rail Station,COSHAM
Cottingham Rail Station,CTTGHM
Cottingley Rail Station,COTNGLY
Coulsdon South Rail Station,COLSDNS
Coventry Rail Station,COVNTRY
Cowden Rail Station,COWDEN
Cowdenbeath Rail Station,CWDNBTH
Cradley Heath Rail Station,CRADLYH
Craigendoran Rail Station,CRGDRN
Cramlington Rail Station,CRMLNGT
Craven Arms Rail Station,CRAVENA
Crawley Rail Station,CRAWLEY
Crayford Rail Station,CRFD
Crediton Rail Station,CREDITN
Cressing Rail Station,CRESING
Cressington Rail Station,CRSNGTN
Creswell (Derbys) Rail Station,CRWLL
Crewe Rail Station,CREWE
Crewkerne Rail Station,CRKRN
Crews Hill Rail Station,CRHL
Crianlarich Rail Station,CRNLRCH
Criccieth Rail Station,CRICCTH
Cricklewood Rail Station,CRKLWD
Croftfoot Rail Station,CFFT
Crofton Park Rail Station,CFPK
Cromer Rail Station,CMER
Cromford Rail Station,CROMFD
Crookston Rail Station,CROKSTN
Cross Gates Rail Station,CSGT
Crossflatts Rail Station,CFLATTS
Crosshill Rail Station,CROSSHL
Crosskeys Rail Station,CRSKEYS
Crossmyloof Rail Station,CRSMYLF
Croston Rail Station,CROT
Crouch Hill Rail Station,CROUCHH
Crowborough Rail Station,CBGH
Crowhurst Rail Station,CRWHRST
Crowle Rail Station,CROWLE
Crowthorne Rail Station,CRWTHRN
Croy Rail Station,CROY
Crystal Palace Rail Station,CRYSTLP
Cuddington Rail Station,CUDNGTN
Cuffley Rail Station,CUFFLEY
Culham Rail Station,CULHAM
Culrain Rail Station,CULRAIN
Cumbernauld Rail Station,CMBRNLD
Cupar Rail Station,CUPAR
Curriehill Rail Station,CURRIEH
Cuxton Rail Station,CXTN
Cwmbach Rail Station,CMBH
Cwmbran Rail Station,CWMBRAN
Cynghordy Rail Station,CYNGHRD
Dagenham Dock Rail Station,DGNHMDC
Daisy Hill Rail Station,DAISYH
Dalgety Bay Rail Station,DALGETY
Dalmally Rail Station,DLMALLY
Dalmarnock Rail Station,DLMRNOK
Dalmeny Rail Station,DLMY
Dalmuir Rail Station,DALMUIR
Dalreoch Rail Station,DLREOCH
Dalry Rail Station,DALRY
Dalston (Cumbria) Rail Station,DALSTON
Dalston Junction Rail Station,DALS
Dalston Kingsland Rail Station,DALSKLD
Dalton Rail Station,DALTON
Dalwhinnie Rail Station,DALWHIN
Danby Rail Station,DANBY
Danescourt Rail Station,DANESCT
Danzey Rail Station,DANZEY
Darlington Rail Station,DLTN
Darnall Rail Station,DARNALL
Darsham Rail Station,DARSHAM
Dartford Rail Station,DARTFD
Darton Rail Station,DRTN
Darwen Rail Station,DARWEN
Datchet Rail Station,DATCHET
Davenport Rail Station,DAVNPRT
Dawlish Rail Station,DAWLISH
Dawlish Warren Rail Station,DAWLSHW
Deal Rail Station,DEAL
Dean Lane Rail Station (closed),MNCRDLN
Dean Rail Station,DEAN
Deansgate Rail Station,MNCRDGT
Deganwy Rail Station,DEGANWY
Deighton Rail Station,DEIGHTN
Delamere Rail Station,DELAMER
Denby Dale Rail Station,DNDL
Denham Golf Club Rail Station,DENHMGC
Denham Rail Station,DENHAM
Denmark Hill Rail Station,DENMRKH
Dent Rail Station,DENT
Denton Rail Station,DNTON
Deptford Rail Station,DEPTFD
Derby Rail Station,DRBY
Derby Road (Ipswich) Rail Station,DERBYRD
Derker Rail Station (closed),DERKER
Devonport Rail Station,DEVNPRT
Dewsbury Rail Station,DWBY
Didcot Parkway Rail Station,DIDCOTP
Digby & Sowton Rail Station,DIGBY
Dilton Marsh Rail Station,DILTONM
Dinas (Rhondda) Rail Station,DINASR
Dinas Powys Rail Station,DINASP
Dingle Road Rail Station,DGLROAD
Dingwall Rail Station,DINGWAL
Dinsdale Rail Station,DINSDAL
Dinting Rail Station,DNTG
Disley Rail Station,DISLEY
Diss Rail Station,DISS
Dockyard (Plymouth) Rail Station,DOCKYDP
Dodworth Rail Station,DODWRTH
Dolau Rail Station,DOLAU
Doleham Rail Station,DOLEHAM
Dolgarrog Rail Station,DOLGARG
Dolwyddelan Rail Station,DLWYDLN
Doncaster Rail Station,DONC
Dorchester South Rail Station,DRCHS
Dorchester West Rail Station,DRCHW
Dore Rail Station,DORE
Dorking Deepdene Rail Station,DEPDENE
Dorking Rail Station,DORKING
Dorking West Rail Station,DRKGW
Dormans Rail Station,DORMANS
Dorridge Rail Station,DORIDGE
Dove Holes Rail Station,DVHL
Dover Priory Rail Station,DOVERP
Dovercourt Rail Station,DOVRCRT
Dovey Junction Rail Station,DOVYJN
Downham Market Rail Station,DOWNHAM
Drayton Green Rail Station,DRAYGRN
Drayton Park Rail Station,DRYP
Drem Rail Station,DREMJ
Driffield Rail Station,DRIFILD
Drigg Rail Station,DRIGG
Droitwich Spa Rail Station,DRTWCHS
Dronfield Rail Station,DRONFLD
Drumchapel Rail Station,DRMCHPL
Drumfrochar Rail Station,DRMFCHR
Drumgelloch Rail Station,DRMGLCH
Drumry Rail Station,DRUMRY
Duddeston Rail Station,DUDESTN
Dudley Port Rail Station,DUDLPT
Duffield Rail Station,DUFIELD
Duirinish Rail Station,DUIRNSH
Duke Street Rail Station,DUKEST
Dullingham Rail Station,DULNGHM
Dumbarton Central Rail Station,DMBRTNC
Dumbarton East Rail Station,DMBRTNE
Dumbreck Rail Station,DUMBRCK
Dumfries Rail Station,DUMFRES
Dumpton Park Rail Station,DUMPTNP
Dunbar Rail Station,DUNBAR
Dunblane Rail Station,DUNANE
Duncraig Rail Station,DUNCRAG
Dundee Rail Station,DUNDETB
Dunfermline Queen Margaret Rail Station,DNFRMQM
Dunfermline Town Rail Station,DNFRMLE
Dunkeld & Birnam Rail Station,DUNKELD
Dunlop Rail Station,DNLP
Dunrobin Castle Rail Station,DNROBIN
Dunston Rail Station,DNSN
Dunton Green Rail Station,DTNG
Durham Rail Station,DRHM
Durrington-on-Sea Rail Station,DRNGTOS
Dyce Rail Station,DYCE
Dyffryn Ardudwy Rail Station,DYFRYNA
Eaglescliffe Rail Station,EGLSCLF
Ealing Broadway Rail Station,EALINGB
Earlestown Rail Station,ERLSTWN
Earley Rail Station,ERLY
Earlsfield Rail Station,ERLFLD
Earlswood (Surrey) Rail Station,EARLSWD
Earlswood (West Midlands) Rail Station,ELWD
East Boldon Rail Station,EBOLDON
East Croydon Rail Station,ECROYDN
East Didsbury Rail Station,EDIDBRY
East Dulwich Rail Station,EDULWCH
East Farleigh Rail Station,EFARLGH
East Garforth Rail Station,EGRFRTH
East Grinstead Rail Station,EGRNSTD
East Kilbride Rail Station,EKILBRD
East Malling Rail Station,EMALING
East Midlands Parkway Rail Station,EMPKWAY
East Tilbury Rail Station,ETILBRY
East Worthing Rail Station,EWRTHNG
Eastbourne Rail Station,EBOURNE
Eastbrook Rail Station,EASTBRK
Easterhouse Rail Station,ESHS
Eastham Rake Rail Station,ESTHRAK
Eastleigh Rail Station,ELGH
Eastrington Rail Station,ESTRNGT
Ebbsfleet International Rail Station,EBSFDOM
Ebbw Vale Parkway Rail Station,EBWVPWY
Eccles Rail Station,ECCLES
Eccles Road Rail Station,ECLR
Eccleston Park Rail Station,ECPK
Edale Rail Station,EDALE
Eden Park Rail Station,EDPK
Edenbridge Rail Station,EDNB
Edenbridge Town Rail Station,EDNT
Edge Hill Rail Station,EDGH
Edinburgh Park Rail Station,EDINPRK
Edinburgh Rail Station,EDINBUR
Edmonton Green Rail Station,EDMNGRN
Effingham Junction Rail Station,EFNGHMJ
Eggesford Rail Station,EGGESFD
Egham Rail Station,EGHAM
Egton Rail Station,EGTON
Elephant & Castle Rail Station,ELPHNAC
Elgin Rail Station,ELGIN
Ellesmere Port Rail Station,ELSMPRT
Elmers End Rail Station,ELMERSE
Elmstead Woods Rail Station,ELMW
Elmswell Rail Station,ELMSWEL
Elsecar Rail Station,ELSC
Elsenham Rail Station,ELSENHM
Elstree & Borehamwood Rail Station,ELTR
Eltham Rail Station,ELTHAM
Elton & Orston Rail Station,ELTON
Ely Rail Station,ELYY
Emerson Park Rail Station,EMRSPKH
Emsworth Rail Station,EMSWTH
Enfield Chase Rail Station,ENFC
Enfield Lock Rail Station,ENFLDLK
Enfield Town Rail Station,ENFLDTN
Entwistle Rail Station,ENTWISL
Epsom Downs Rail Station,EPSDNS
Epsom Rail Station,EPSM
Erdington Rail Station,ERDNGTN
Eridge Rail Station,ERIDGE
Erith Rail Station,ERITH
Esher Rail Station,ESHER
Essex Road Rail Station,ESSEXRD
Etchingham Rail Station,ETCHNGM
Euxton Balshaw Lane Rail Station,EUXT
Evesham Rail Station,EVESHAM
Ewell East Rail Station,EWELLE
Ewell West Rail Station,EWELW
Exeter Central Rail Station,EXETERC
Exeter St Davids Rail Station,EXETRSD
Exeter St Thomas Rail Station,EXETRST
Exhibition Centre (Glasgw) Rail Station,EXHIBTC
Exmouth Rail Station,EXMOUTH
Exton Rail Station,EXTON
Eynsford Rail Station,EYNSFD
Failsworth Rail Station (closed),FALSWTH
Fairbourne Rail Station,FRBN
Fairfield Rail Station,FRFD
Fairlie Rail Station,FAIRLIE
Fairwater Rail Station,FRWATER
Falconwood Rail Station,FALCNWD
Falkirk Grahamston Rail Station,FALKRKG
Falkirk High Rail Station,FALKRKH
Falls of Cruachan Rail Station,FLSCRHN
Falmer Rail Station,FAMR
Falmouth Docks Rail Station,FALMTHD
Falmouth Town Rail Station,FALMTHT
Fareham Rail Station,FAREHAM
Farnborough (Main) Rail Station,FRBRMN
Farnborough North Rail Station,FRBRNTH
Farncombe Rail Station,FRNCMB
Farnham Rail Station,FARNHAM
Farningham Road Rail Station,FRNNGRD
Farnworth Rail Station,FRNW
Farringdon (London) Rail Station,FRNDNLT
Fauldhouse Rail Station,FAULDHS
Faversham Rail Station,FAVRSHM
Faygate Rail Station,FAYGATE
Fazakerley Rail Station,FAZKRLY
Fearn Rail Station,FEARN
Featherstone Rail Station,FTHRSTN
Felixstowe Rail Station,FLXSTOW
Feltham Rail Station,FELTHAM
Feniton Rail Station,FENITON
Fenny Stratford Rail Station,FSTR
Fernhill Rail Station,FERNHIL
Ferriby Rail Station,FERRIBY
Ferryside Rail Station,FYSD
Ffairfach Rail Station,FFAIRFC
Filey Rail Station,FILEY
Filton Abbey Wood Rail Station,FILTNEW
Finchley Road & Frognal Rail Station,FNCHLYR
Finsbury Park Rail Station,FNPK
Finstock Rail Station,FINSTCK
Fishbourne Rail Station,FSHBORN
Fishersgate Rail Station,FSHRSGT
Fishguard Harbour Rail Station,FGDHBR
Fiskerton Rail Station,FISKRTN
Fitzwilliam Rail Station,FITZWLM
Five Ways Rail Station,FIVEWYS
Fleet Rail Station,FLEET
Flimby Rail Station,FLIMBY
Flint Rail Station,FLINT
Flitwick Rail Station,FLITWCK
Flixton Rail Station,FLIXTON
Flowery Field Rail Station,FLWRYFD
Folkestone Central Rail Station,FLKSTNC
Folkestone West Rail Station,FLKSTNW
Ford Rail Station,FORD
Forest Gate Rail Station,FRSTGT
Forest Hill Rail Station,FORESTH
Formby Rail Station,FORMBY
Forres Rail Station,FORRES
Forsinard Rail Station,FORSNRD
Fort Matilda Rail Station,FRTMTLD
Fort William Rail Station,FRTWLM
Four Oaks Rail Station,FOUROKS
Foxfield Rail Station,FOXFILD
Foxton Rail Station,FOXTON
Frant Rail Station,FRANT
Fratton Rail Station,FRATTON
Freshfield Rail Station,FRSHFLD
Freshford Rail Station,FRESHFD
Frimley Rail Station,FRIMLEY
Frinton-on-Sea Rail Station,FRINTON
Frizinghall Rail Station,FRZNGHL
Frodsham Rail Station,FRDSHM
Frome Rail Station,FROME
Frosterley Rail Station,FROSTLY
Fulwell Rail Station,FULWELL
Furness Vale Rail Station,FURNESV
Furze Platt Rail Station,FURZEP
Gainsborough Central Rail Station,GBROC
Gainsborough Lea Road Rail Station,GBGHLRD
Garelochhead Rail Station,GRLCHHD
Garforth Rail Station,GARFRTH
Gargrave Rail Station,GRGRAVE
Garrowhill Rail Station,GARROWH
Garscadden Rail Station,GSCD
Garsdale Rail Station,GARSDLE
Garston (Herts) Rail Station,GRSTH
Garswood Rail Station,GARW
Gartcosh Rail Station,GRTCSH
Garth (Bridgend) Rail Station,GRTHMG
Garth (Powys) Rail Station,GARTH
Garve Rail Station,GARVE
Gathurst Rail Station,GATHRST
Gatley Rail Station,GATLEY
Gatwick Airport Rail Station,GTWK
Georgemas Junction Rail Station,GRGMASJ
Gerrards Cross Rail Station,GERRDSX
Gidea Park Rail Station,GIDEAPK
Giffnock Rail Station,GIFNOCK
Giggleswick Rail Station,GGLSWCK
Gilberdyke Rail Station,GLBRDYK
Gilfach Fargoed Rail Station,GLFCHFR
Gillingham (Dorset) Rail Station,GLHM
Gillingham (Kent) Rail Station,GLNGHMK
Gilshochill Rail Station,LAMBH
Gipsy Hill Rail Station,GIPSYH
Girvan Rail Station,GIRVAN
Glaisdale Rail Station,GLAISDL
Glan Conwy Rail Station,GLNCNWY
Glasgow Central Low Level Rail Station,GLGCLL
Glasgow Central Rail Station,GLGC
Glasgow Queen Street Low Level Rail Station,GLGQLL
Glasgow Queen Street Rail Station,GLGQHL
Glasshoughton Rail Station,GLASHTN
Glazebrook Rail Station,GLAZBRK
Gleneagles Rail Station,GLNEGLS
Glenfinnan Rail Station,GLNFNNN
Glengarnock Rail Station,GLGN
Glenrothes with Thornton Rail Station,GLNRTHS
Glossop Rail Station,GLSP
Gloucester Rail Station,GLOSTER
Glynde Rail Station,GLYNDE
Gobowen Rail Station,GOBOWEN
Godalming Rail Station,GDLMING
Godley Rail Station,GODLY
Godstone Rail Station,GODSTON
Goldthorpe Rail Station,GLDTHRP
Golf Street Rail Station,GOLFSTR
Golspie Rail Station,GOLSPIE
Gomshall Rail Station,GOMSHAL
Goodmayes Rail Station,GODMAYS
Goole Rail Station,GOOLE
Goostrey Rail Station,GOOSTRY
Gordon Hill Rail Station,GORDONH
Goring & Streatley Rail Station,GORASTR
Goring-by-Sea Rail Station,GORNGBS
Gorton Rail Station,GORTON
Gospel Oak Rail Station,GOSPLOK
Gourock Rail Station,GOUROCK
Gowerton Rail Station,GOWERTN
Goxhill Rail Station,GOXHILL
Grange Park Rail Station,GRPK
Grange-over-Sands Rail Station,GOVS
Grangetown (Cardiff) Rail Station,GNTN
Grantham Rail Station,GTHM
Grateley Rail Station,GRATELY
Gravelly Hill Rail Station,GRAVLYH
Gravesend Rail Station,GRVSEND
Grays Rail Station,GRAYS
Great Ayton Rail Station,GTAYTON
Great Bentley Rail Station,GTBNTLY
Great Chesterford Rail Station,GTCHSFD
Great Coates Rail Station,GTCOATS
Great Malvern Rail Station,GTMLVRN
Great Missenden Rail Station,GTMSNDN
Great Yarmouth Rail Station,YARMTH
Green Lane Rail Station,GNLN
Green Road Rail Station,GREENRD
Greenbank Rail Station,GBNK
Greenfaulds Rail Station,GRNFLDS
Greenfield Rail Station,GFLD
Greenford Rail Station,GFORD
Greenhithe for Bluewater Rail Station,GNHT
Greenock Central Rail Station,GRENCKC
Greenock West Rail Station,GRENCKW
Greenwich Rail Station,GNWH
Gretna Green Rail Station,GRETGRN
Grimsby Docks Rail Station,GRMSBYD
Grimsby Town Rail Station,GRMSBYT
Grindleford Rail Station,GRNDLFD
Grosmont Rail Station,GROSMNT
Grove Park Rail Station,GRVPK
Guide Bridge Rail Station,GIDB
Guildford Rail Station,GUILDFD
Guiseley Rail Station,GUISELY
Gunnersbury Rail Station,GNRSBRY
Gunnislake Rail Station,GUNISLK
Gunton Rail Station,GUNTON
Gwersyllt Rail Station,GWRSYLT
Gypsy Lane Rail Station,GYPSYLA
Habrough Rail Station,HABRO
Hackbridge Rail Station,HKBG
Hackney Central Rail Station,HACKNYC
Hackney Downs Rail Station,HAKNYNM
Hackney Wick Rail Station,HACKNYW
Haddenham & Thame Parkway Rail Station,HADMATP
Haddiscoe Rail Station,HADISCO
Hadfield Rail Station,HADFILD
Hadley Wood Rail Station,HADLYWD
Hag Fold Rail Station,HAGFOLD
Haggerston Rail Station,HAGGERS
Hagley Rail Station,HAGLEY
Hairmyres Rail Station,HARMYRS
Hale Rail Station,HALE
Halesworth Rail Station,HALSWTH
Halewood Rail Station,HALW
Halifax Rail Station,HLFX
Hall Green Rail Station,HLGN
Hall i' th' Wood Rail Station,HITW
Hall Road Rail Station,HALLRD
Halling Rail Station,HALG
Haltwhistle Rail Station,HLTWHST
Ham Street Rail Station,HMST
Hamble Rail Station,HMBLE
Hamilton Central Rail Station,HAMLTNC
Hamilton West Rail Station,HAMLTNW
Hammerton Rail Station,HAMERTN
Hampden Park (Sussex) Rail Station,HMPDNPK
Hampstead Heath Rail Station,HMPSTDH
Hampton (London) Rail Station,HAMPTON
Hampton Court Rail Station,HCRT
Hampton Wick Rail Station,HAMWICK
Hampton-in-Arden Rail Station,HMPTNIA
Hamstead (Birmingham) Rail Station,HAMSTED
Hamworthy Rail Station,HMWTHY
Hanborough Rail Station,HANDBRO
Handforth Rail Station,HNDFRTH
Hanwell Rail Station,HANWELL
Hapton Rail Station,HAPTON
Harlech Rail Station,HRLC
Harlesden Rail Station,HARLSDN
Harling Road Rail Station,HRLNGRD
Harlington (Beds) Rail Station,HRLG
Harlow Mill Rail Station,HRLWMIL
Harlow Town Rail Station,HRLWTWN
Harold Wood Rail Station,HRLDWOD
Harpenden Rail Station,HRPNDN
Harrietsham Rail Station,HRSM
Harringay Green Lanes Rail Station,HRGYGL
Harringay Rail Station,HRGY
Harrington Rail Station,HNGT
Harrogate Rail Station,HAGT
Harrow & Wealdstone Rail Station,HROW
Harrow-on-the-Hill Rail Station,HAROOTH
Hartford Rail Station,HARTFD
Hartlebury Rail Station,HBRY
Hartlepool Rail Station,HRTLEPL
Hartwood Rail Station,HRTW
Harwich International Rail Station,PRKSTON
Harwich Town Rail Station,HARWICH
Haslemere Rail Station,HASLEMR
Hassocks Rail Station,HASOCKS
Hastings Rail Station,HASTING
Hatch End Rail Station,HTCHEND
Hatfield & Stainforth Rail Station,HTFLASF
Hatfield (Herts) Rail Station,HATFILD
Hatfield Peverel Rail Station,HFLPEVL
Hathersage Rail Station,HATHRSG
Hattersley Rail Station,HATRSLY
Hatton (Warks) Rail Station,HATTON
Havant Rail Station,HAVANT
Havenhouse Rail Station,HAVENHS
Haverfordwest Rail Station,HAVRFDW
Hawarden Bridge Rail Station,HAWDNBG
Hawarden Rail Station,HAWARDN
Hawkhead Rail Station,HWKHEAD
Haydon Bridge Rail Station,HYDB
Haydons Road Rail Station,HYDNSRD
Hayes & Harlington Rail Station,HAYESAH
Hayes (Kent) Rail Station,HAYS
Hayle Rail Station,HAYLE
Haymarket Rail Station,HAYMRKT
Haywards Heath Rail Station,HYWRDSH
Hazel Grove Rail Station,HAZL
Headcorn Rail Station,HEADCRN
Headingley Rail Station,HEDNGLY
Headstone Lane Rail Station,HEDSTNL
Heald Green Rail Station,HLDG
Healing Rail Station,HEALING
Heath High Level Rail Station,HEATHHL
Heath Low Level Rail Station,HEATHLL
Heathrow Airport Terminal 4 (Rail-Air),HTRWTE4
Heathrow Airport Terminal 4 Rail Station,HTRWTM4
Heathrow Airport Terminal 5 Rail Station,HTRWTM5
Heaton Chapel Rail Station,HTCP
Hebden Bridge Rail Station,HBDNBDG
Heckington Rail Station,HCKNGTN
Hedge End Rail Station,HEDGEND
Hednesford Rail Station,HDNS
Heighington Rail Station,HGHNGTN
Helensburgh Central Rail Station,HLNSBRC
Helensburgh Upper Rail Station,HLNSBRU
Hellifield Rail Station,HELIFLD
Helmsdale Rail Station,HELMSDL
Helsby Rail Station,HELSBY
Hemel Hempstead Rail Station,HEMLHMP
Hendon Rail Station,HDON
Hengoed Rail Station,HENGOED
Henley-in-Arden Rail Station,HENLYIA
Henley-on-Thames Rail Station,HNLYOT
Hensall Rail Station,HENSALL
Hereford Rail Station,HEREFRD
Herne Bay Rail Station,HRNEBAY
Herne Hill Rail Station,HERNEH
Hersham Rail Station,HERSHAM
Hertford East Rail Station,HERTFDE
Hertford North Rail Station,HFDN
Hessle Rail Station,HESSLE
Heswall Rail Station,HESWALL
Hever Rail Station,HEVER
Heworth Rail Station,HEWORTH
Hexham Rail Station,HEXHAM
Heyford Rail Station,HEYFORD
High Brooms Rail Station,HBROOMS
High Street (Glasgow) Rail Station,GLGHST
High Wycombe Rail Station,HWYCOMB
Higham Rail Station,HIGM
Highams Park Rail Station,HGHMSPK
Highbridge & Burnham-on-Sea Rail Station,HGHBRDG
Highbury & Islington Rail Station,HIGHBYA
Highbury & Islington Rail Station,HGHI
Hightown Rail Station,HITN
Hildenborough Rail Station,HLDNBRO
Hillfoot Rail Station,HLFT
Hillington East Rail Station,HLNGTNE
Hillington West Rail Station,HLNGTNW
Hillside Rail Station,HILLSID
Hilsea Rail Station,HILSEA
Hinchley Wood Rail Station,HNCHLYW
Hinckley Rail Station,HINCKLY
Hindley Rail Station,HINDLEY
Hinton Admiral Rail Station,HINTONA
Hitchin Rail Station,HITCHIN
Hither Green Rail Station,HTHRGRN
Hockley Rail Station,HOCKLEY
Hollingbourne Rail Station,HBRN
Hollinwood Rail Station (closed),HOLINWS
Holmes Chapel Rail Station,HCHP
Holmwood Rail Station,HLMW
Holton Heath Rail Station,HOLTONH
Holyhead Rail Station,HLYH
Holytown Rail Station,HOLYTWN
Homerton Rail Station,HOMRTON
Honeybourne Rail Station,HONYBRN
Honiton Rail Station,HONITON
Honley Rail Station,HONLEY
Honor Oak Park Rail Station,HONROPK
Hook Rail Station,HOOK
Hooton Rail Station,HOOTON
Hope (Derbyshire) Rail Station,HOPD
Hope (Flintshire) Rail Station,HOPC
Hopton Heath Rail Station,HOPTONH
Horley Rail Station,HORLEY
Hornbeam Park Rail Station,HRNBPK
Hornsey Rail Station,HRNSY
Horsforth Rail Station,HSFT
Horsham Rail Station,HORSHAM
Horsley Rail Station,HRSLEY
Horton-in-Ribblesdale Rail Station,HTNRIBL
Horwich Parkway Rail Station,HORWICH
Hoscar Rail Station,HOSCAR
Hough Green Rail Station,HOUGHGR
Hounslow Rail Station,HOUNSLW
Hove Rail Station,HOVE
Hoveton & Wroxham Rail Station,WROXHAM
How Wood (Herts) Rail Station,HOWWOOD
Howden Rail Station,HOWDEN
Howwood (Renfrewshire) Rail Station,HOWOOD
Hoxton Rail Station,HOXTON
Hoylake Rail Station,HOYLAKE
Hubberts Bridge Rail Station,HBRTBDG
Hucknall Rail Station,HUCKNAL
Huddersfield Rail Station,HDRSFLD
Hull Rail Station,HULL
Humphrey Park Rail Station,HMPHRYP
Huncoat Rail Station,HUNCOAT
Hungerford Rail Station,HUNGRFD
Hunmanby Rail Station,HUNMNBY
Huntingdon Rail Station,HNTNGDN
Huntly Rail Station,HNTL
Hunts Cross Rail Station,HUNTSX
Hurst Green Rail Station,HRSTGRN
Hutton Cranswick Rail Station,HTNCRNS
Huyton Rail Station,HUYTON
Hyde Central Rail Station,HYDEC
Hyde North Rail Station,HYDEN
Hykeham Rail Station,HYKEHAM
Hyndland Rail Station,HYNDLND
Hythe (Essex) Rail Station,CLCHHYT
IBM (Greenock) Rail Station,IBMM
Ifield Rail Station,IFIELD
Ilford Rail Station,ILFORD
Ilkley Rail Station,ILKLEY
Imperial Wharf Rail Station,CSEAH
Ince & Elton Rail Station,INEL
Ince (Manchester) Rail Station,INCE
Ingatestone Rail Station,INGTSTN
Insch Rail Station,INSCH
Invergordon Rail Station,IVRGRD
Invergowrie Rail Station,INVGWRE
Inverkeithing Rail Station,IVRKTHG
Inverkip Rail Station,INVERKP
Inverness Rail Station,IVRNESS
Invershin Rail Station,INVRSHN
Inverurie Rail Station,INVURIE
Ipswich Rail Station,IPSWICH
Irlam Rail Station,IRLAM
Irvine Rail Station,IRVN
Isleworth Rail Station,ISLEWTH
Islip Rail Station,ISLIP
Iver Rail Station,IVER
Ivybridge Rail Station,IVYBDGE
Jewellery Quarter Rail Station,BHAMJEW
Johnston (Pembrokeshire) Rail Station,JHNSTND
Johnstone Rail Station,JOHNSTN
Jordanhill Rail Station,JORDANH
Kearsley Rail Station,KEARSLY
Kearsney Rail Station,KSNY
Keighley Rail Station,KEIGHLY
Keith Rail Station,KEITH
Kelvedon Rail Station,KELVEDN
Kelvindale Rail Station,DAWSHLM
Kemble Rail Station,KEMBLE
Kempston Hardwick Rail Station,KMPSTNH
Kempton Park Rail Station,KMPTNPK
Kemsing Rail Station,KEMSING
Kemsley Rail Station,KMSLY
Kendal Rail Station,KENDAL
Kenley Rail Station,KNLY
Kennett Rail Station,KENNETT
Kennishead Rail Station,KENISHD
Kensal Green Rail Station,KENSLG
Kensal Rise Rail Station,KENR
Kensington Olympia Rail Station,KENOLYM
Kent House Rail Station,KENTHOS
Kentish Town Rail Station,KNTSHTN
Kentish Town West Rail Station,KNTSHTW
Kenton Rail Station,KTON
Kents Bank Rail Station,KTBK
Kettering Rail Station,KETR
Kew Bridge Rail Station,KEWBDGE
Kew Gardens Rail Station,KEWGRDN
Keyham Rail Station,KEYHAM
Keynsham Rail Station,KEYNSHM
Kidbrooke Rail Station,KIDBROK
Kidderminster Rail Station,KDRMNST
Kidsgrove Rail Station,KIDSGRV
Kidwelly Rail Station,KIDWELY
Kilburn High Road Rail Station,KLBRNHR
Kildale Rail Station,KLDL
Kildonan Rail Station,KILDONN
Kilgetty Rail Station,KILGETY
Kilmarnock Rail Station,KILMRNK
Kilmaurs Rail Station,KLMAURS
Kilpatrick Rail Station,KLPTRCK
Kilwinning Rail Station,KILWNNG
Kinbrace Rail Station,KINBRAC
Kingham Rail Station,KINGHAM
Kinghorn Rail Station,KGHN
Kings Langley Rail Station,KLGL
Kings Lynn Rail Station,KLYNN
Kings Norton Rail Station,KNORTON
Kings Nympton Rail Station,KNYMPTN
Kings Park Rail Station,KGPK
Kings Sutton Rail Station,KINSSTN
Kingsknowe Rail Station,KNGW
Kingston Rail Station,KGSTON
Kingswood Rail Station,KGWD
Kingussie Rail Station,KGUSSIE
Kintbury Rail Station,KNTBRY
Kirby Cross Rail Station,KIRBYX
Kirk Sandall Rail Station,KKSNDAL
Kirkby in Ashfield Rail Station,KRKYCEN
Kirkby Rail Station,KKBY
Kirkby Stephen Rail Station,KSTP
Kirkby-in-Furness Rail Station,KRKBYIF
Kirkcaldy Rail Station,KCLD
Kirkconnel Rail Station,KRKC
Kirkdale Rail Station,KRKDALE
Kirkham & Wesham Rail Station,KIRKHAM
Kirkhill Rail Station,KRKH
Kirknewton Rail Station,KRKNWTN
Kirkwood Rail Station,KRKWOOD
Kirton Lindsey Rail Station,KRTNLND
Kiveton Bridge Rail Station,KVTNBDG
Kiveton Park Rail Station,KVTNPK
Knaresborough Rail Station,KNRSBGH
Knebworth Rail Station,KNEBWTH
Knighton Rail Station,KNIGHTN
Knockholt Rail Station,KNCKHLT
Knottingley Rail Station,KNTNGLY
Knucklas Rail Station,KNUCKLS
Knutsford Rail Station,KNUTSFD
Kyle of Lochalsh Rail Station,KYLELSH
Ladybank Rail Station,LADYBNK
Ladywell Rail Station,LDYW
Laindon Rail Station,LAINDON
Lairg Rail Station,LAIRG
Lake (Isle of Wight) Rail Station,LAKEIOW
Lakenheath Rail Station,LAKNHTH
Lamphey Rail Station,LAMPHEY
Lanark Rail Station,LANARK
Lancaster Rail Station,LANCSTR
Lancing Rail Station,LNCG
Landywood Rail Station,LNDYW
Langbank Rail Station,LGBK
Langho Rail Station,LGHO
Langley (Berks) Rail Station,LANGLEY
Langley Green Rail Station,LGRN
Langley Mill Rail Station,LGML
Langside Rail Station,LNSD
Langwathby Rail Station,LWBY
Langwith - Whaley Thorns Rail Station,LGWITH
Lapford Rail Station,LAPFORD
Lapworth Rail Station,LAPWRTH
Larbert Rail Station,LARBERT
Largs Rail Station,LARGS
Larkhall Rail Station,LARKHAL
Laurencekirk Rail Station,LRNCKRK
Lawrence Hill Rail Station,LAWRNCH
Layton (Lancs) Rail Station,LAYTON
Lazonby & Kirkoswald Rail Station,LAZKRKO
Lea Green Rail Station,LEGR
Lea Hall Rail Station,LEAHALL
Leagrave Rail Station,LEAGRVE
Lealholm Rail Station,LEALHLM
Leamington Spa Rail Station,LMNGTNS
Leasowe Rail Station,LEASOWE
Leatherhead Rail Station,LETHRHD
Ledbury Rail Station,LDBURY
Lee Rail Station,LEEE
Leeds Rail Station,LEEDS
Leicester Rail Station,LESTER
Leigh (Kent) Rail Station,LEIGHK
Leigh-on-Sea Rail Station,LHONSEA
Leighton Buzzard Rail Station,LTNBZRD
Lelant Rail Station,LELANT
Lelant Saltings Rail Station,LELANTS
Lenham Rail Station,LENHAM
Lenzie Rail Station,LENZIE
Leominster Rail Station,LEOMNST
Letchworth Rail Station,LTCE
Leuchars Rail Station,LEUCHRS
Levenshulme Rail Station,LVHM
Lewes Rail Station,LEWES
Lewisham Rail Station,LEWISHM
Leyland Rail Station,LEYLAND
Leyton Midland Road Rail Station,LEYTNMR
Leytonstone High Road Rail Station,LYTNSHR
Lichfield City Rail Station,LCHC
Lichfield Trent Valley High Level Rail Station,LCHTTVH
Lichfield Trent Valley Rail Station,LCHTTVL
Lidlington Rail Station,LDLNGTN
Limehouse Rail Station,LIMHSE
Lincoln Central Rail Station,LINCLNC
Lingfield Rail Station,LINGFLD
Lingwood Rail Station,LGWOOD
Linlithgow Rail Station,LNLTHGW
Liphook Rail Station,LIPHOOK
Liskeard Rail Station,LISKARD
Liss Rail Station,LISS
Lisvane & Thornhill Rail Station,LTHH
Little Kimble Rail Station,LTLKMBL
Little Sutton Rail Station,LTLSUTN
Littleborough Rail Station,LITLBRO
Littlehampton Rail Station,LTLHMPT
Littlehaven Rail Station,LHVN
Littleport Rail Station,LTLPORT
Liverpool Central Rail Station,LVRPLCH
Liverpool James Street Rail Station,JAMESST
Liverpool Lime Street Low Level Rail Station,LVRPLSL
Liverpool Lime Street Rail Station,LVRPLSH
Liverpool South Parkway Rail Station,LVRPSPY
Livingston North Rail Station,LVNSTNN
Livingston South Rail Station,LVNSTNS
Llanaber Rail Station,LNAB
Llanbedr Rail Station,LBDR
Llanbister Road Rail Station,LLBSTRD
Llanbradach Rail Station,LLBRDCH
Llandaf Rail Station,LLANDAF
Llandanwg Rail Station,LNDW
Llandecwyn Rail Station,LNDC
Llandeilo Rail Station,LLDEILO
Llandovery Rail Station,LLDVERY
Llandrindod Rail Station,LLDODW
Llandudno Junction Rail Station,LANDUDJ
Llandudno Rail Station,LUDO
Llandybie Rail Station,LLDYBIE
Llanelli Rail Station,LLNLLI
Llanfairfechan Rail Station,LANFRFC
Llanfairpwll Rail Station,LFPW
Llangadog Rail Station,LLGADOG
Llangammarch Rail Station,LLGMMRW
Llangennech Rail Station,LLGNNCH
Llangynllo Rail Station,LLGUNLO
Llanharan Rail Station,LLHARAN
Llanhilleth Rail Station,LLHLETH
Llanishen Rail Station,LLISHEN
Llanrwst Rail Station,LNRWST
Llansamlet Rail Station,LLNSMLT
Llantwit Major Rail Station,LLNWTMR
Llanwrda Rail Station,LLWRDA
Llanwrtyd Rail Station,LLWRTYW
Llwyngwril Rail Station,LYNGRIL
Llwynypia Rail Station,LLWYNYP
Loch Awe Rail Station,LOCHAWE
Loch Eil Outward Bound Rail Station,LCEILOB
Lochailort Rail Station,LCHALRT
Locheilside Rail Station,LCHESDE
Lochgelly Rail Station,LCHGLLY
Lochluichart Rail Station,LCHLCHR
Lochwinnoch Rail Station,LCHWNCH
Lockerbie Rail Station,LCKRBIE
Lockwood Rail Station,LKWD
London Blackfriars Rail Station,BLFR
London Cannon Street Rail Station,CANONST
London Charing Cross Rail Station,CHRX
London Euston Rail Station,EUSTON
London Fenchurch Street Rail Station,FENCHRS
London Fields Rail Station,LONFLDS
London Kings Cross Rail Station,KNGX
London Liverpool Street Rail Station,LIVST
London Marylebone Rail Station,MARYLBN
London Paddington Rail Station,PADTON
London Road (Brighton) Rail Station,BRGHLRD
London Road (Guildford) Rail Station,LRDGFD
London St Pancras International LL Rail Station,STPXBOX
London St Pancras International Rail Station,STPX
London Waterloo East Rail Station,WLOE
Long Buckby Rail Station,LNGBKBY
Long Eaton Rail Station,LNGEATN
Long Preston Rail Station,LPRESTN
Longbeck Rail Station,LONGBCK
Longbridge Rail Station,LONB
Longcross Rail Station,LNGCROS
Longfield Rail Station,LGFD
Longniddry Rail Station,LNGNDRY
Longport Rail Station,LNGP
Longton Rail Station,LNTN
Looe Rail Station,LOOE
Lostock Gralam Rail Station,LSTG
Lostock Hall Rail Station,LSTH
Lostock Rail Station,LOSTCKP
Lostwithiel Rail Station,LSTWTHL
Loughborough (Leics) Rail Station,LOGHBRO
Loughborough Junction Rail Station,LBGHJN
Lowdham Rail Station,LOWDHAM
Lower Sydenham Rail Station,LSYDNHM
Lowestoft Rail Station,LOWSTFT
Ludlow Rail Station,LUDLOW
Luton Airport Parkway Rail Station,LUTOAPY
Luton Rail Station,LUTON
Luxulyan Rail Station,LUXULYN
Lydney Rail Station,LYDNEY
Lye (West Midlands) Rail Station,LYEE
Lymington Pier Rail Station,LMTNPIR
Lymington Town Rail Station,LMTNTWN
Lympstone Commando Rail Station,LYMPSTC
Lympstone Village Rail Station,LYMPSTN
Lytham Rail Station,LYTHAM
Macclesfield Rail Station,MACLSFD
Machynlleth Rail Station,MCHYNLT
Maesteg (Ewenny Road) Rail Station,MAESTER
Maesteg Rail Station,MAESTGW
Maghull Rail Station,MAGHULL
Maiden Newton Rail Station,MDNNWTN
Maidenhead Rail Station,MDNHEAD
Maidstone Barracks Rail Station,MSTONEB
Maidstone East Rail Station,MSTONEE
Maidstone West Rail Station,MSTONEW
Malden Manor Rail Station,MALDENM
Mallaig Rail Station,MLAIG
Malton Rail Station,MALTON
Malvern Link Rail Station,MLVRNLK
Manchester Airport Rail Station,MNCRIAP
Manchester Oxford Road Rail Station,MNCROXR
Manchester Piccadilly Rail Station,MNCRPIC
Manchester United FC Rail Station,MNCRUFG
Manchester Victoria Rail Station,MNCRVIC
Manea Rail Station,MANEA
Manningtree Rail Station,MANNGTR
Manor Park Rail Station,MANRPK
Manor Road Rail Station,MNRD
Manorbier Rail Station,MNORBER
Manors Rail Station,MANORS
Mansfield Rail Station,MFLDTWN
Mansfield Woodhouse Rail Station,MFLDWSE
March Rail Station,MRCH
Marden Rail Station,MARDEN
Margate Rail Station,MARGATE
Market Harborough Rail Station,MRKTHRB
Market Rasen Rail Station,MKTR
Markinch Rail Station,MKIN
Marks Tey Rail Station,MRKSTEY
Marlow Rail Station,MARLOW
Marple Rail Station,MARPLE
Marsden Rail Station,MRSN
Marske Rail Station,MRSK
Marston Green Rail Station,MRSTNGR
Martin Mill Rail Station,MMIL
Martins Heron Rail Station,MHERON
Marton Rail Station,MARTON
Maryhill Rail Station,MRYHILL
Maryland Rail Station,MRYLAND
Maryport Rail Station,MPRT
Matlock Bath Rail Station,MATLCKB
Matlock Rail Station,MATLOCK
Mauldeth Road Rail Station,MLDTHRD
Maxwell Park Rail Station,MAXWLPK
Maybole Rail Station,MAYBOLE
Maze Hill Rail Station,MAZEH
Meadowhall Rail Station,MEADWHL
Meldreth Rail Station,MELDRTH
Melksham Rail Station,MELKSHM
Melton (Suffolk) Rail Station,MELTON
Melton Mowbray Rail Station,MLTNSDG
Menheniot Rail Station,MENHENT
Menston Rail Station,MENSTON
Meols Cop Rail Station,MEOLSCP
Meols Rail Station,MELS
Meopham Rail Station,MEOPHAM
Merryton Rail Station,MRRYTON
Merstham Rail Station,MERSTHM
Merthyr Tydfil Rail Station,MERTHYR
Merthyr Vale Rail Station,MERTHRV
Metheringham Rail Station,MTHRNGH
Metrocentre Rail Station,GTSHDMC
Mexborough Rail Station,MEXBRGH
Micheldever Rail Station,MCHLDVR
Micklefield Rail Station,MCKLFLD
Middlesbrough Rail Station,MDLSBRO
Middlewood Rail Station,MDWD
Midgham Rail Station,MIDGHAM
Milford (Surrey) Rail Station,MLFORD
Milford Haven Rail Station,MLFDHVN
Mill Hill (Lancs) Rail Station,MLHL
Mill Hill Broadway Rail Station,MLHB
Millbrook (Beds) Rail Station,MLBRKB
Millbrook (Hants) Rail Station,MBRK
Milliken Park Rail Station,MILKNPK
Millom Rail Station,MLLM
Mills Hill (Manchester) Rail Station,MLSHILL
Milngavie Rail Station,MLGV
Milnrow Rail Station (closed),MILNROW
Milton Keynes Central Rail Station,MKNSCEN
Minffordd Ffestiniog Railway Station,MINFFR
Minffordd Rail Station,MINFORD
Minster Rail Station,MINSTER
Mirfield Rail Station,MIRFILD
Mistley Rail Station,MISTLEY
Mitcham Eastfields Rail Station,ESTFLDS
Mitcham Junction Rail Station,MITCHMJ
Mobberley Rail Station,MOBERLY
Monifieth Rail Station,MONIFTH
Monks Risborough Rail Station,MNKRISB
Montpelier Rail Station,MONPELR
Montrose Rail Station,MONTRSE
Moorfields Rail Station,MORFLDS
Moorgate Rail Station,MRGT
Moorside Rail Station,MRSD
Moorthorpe Rail Station,MORTHRP
Morar Rail Station,MORAR
Morchard Road Rail Station,MOCHARD
Morden South Rail Station,MORDENS
Morecambe Rail Station,MORCAME
Moreton (Dorset) Rail Station,MORETON
Moreton (Merseyside) Rail Station,MOTO
Moreton-in-Marsh Rail Station,MINMARS
Morfa Mawddach Rail Station,MFAM
Morley Rail Station,MRLY
Morpeth Rail Station,MRPTHRP
Mortimer Rail Station,MTIMER
Mortlake Rail Station,MRTLKE
Moses Gate Rail Station,MSGT
Moss Side Rail Station,MSSD
Mossley (Manchester) Rail Station,MOSSLEY
Mossley Hill Rail Station,MSLH
Mosspark Rail Station,MSSPARK
Moston Rail Station,MSTN
Motherwell Rail Station,MOTHRWL
Motspur Park Rail Station,MOTSPRP
Mottingham Rail Station,MOTNGHM
Mottisfont & Dunbridge Rail Station,MOTFONT
Mouldsworth Rail Station,MLDSWTH
Moulsecoomb Rail Station,MLSECMB
Mount Florida Rail Station,MTFL
Mount Vernon Rail Station,MNTVRNN
Mountain Ash Rail Station,MASH
Muir of Ord Rail Station,MUROORD
Muirend Rail Station,MUIREND
Musselburgh Rail Station,MSELBGH
Mytholmroyd Rail Station,MYTHLMR
Nafferton Rail Station,NAFERTN
Nailsea & Backwell Rail Station,NAILSEA
Nairn Rail Station,NAIRN
Nantwich Rail Station,NANTWCH
Narberth Rail Station,NRBERTH
Narborough Rail Station,NARBRO
Navigation Road Rail Station,NAVGTNR
Neath Rail Station,NEATH
Needham Market Rail Station,NEEDHAM
Neilston Rail Station,NEILSTN
Nelson Rail Station,NLSN
Neston Rail Station,NESTON
Netherfield Rail Station,NTHRFLD
Nethertown Rail Station,NETHRTN
Netley Rail Station,NETLEY
New Barnet Rail Station,NBARNET
New Beckenham Rail Station,NBCKNHM
New Brighton Rail Station,NBTN
New Clee Rail Station,NEWCLEE
New Cross Gate Rail Station,NEWXGTE
New Cross Rail Station,NWCROSS
New Cumnock Rail Station,NWCMNCK
New Eltham Rail Station,NWELTHM
New Hey Rail Station (closed),NHEY
New Holland Rail Station,NHOL
New Hythe Rail Station,NWHYTHE
New Lane Rail Station,NEWLANE
New Malden Rail Station,NEWMLDN
New Mills Central Rail Station,NWMILSC
New Mills Newtown Rail Station,NWMILSN
New Milton Rail Station,NMILTON
New Pudsey Rail Station,NPUD
New Southgate Rail Station,NEWSGAT
Newark Castle Rail Station,NWRKCAS
Newark North Gate Rail Station,NEWANG
Newbridge Rail Station,NBRWGE
Newbury Racecourse Rail Station,NEWBRYR
Newbury Rail Station,NEWBURY
Newcastle Airport Metro,AIRP
Newcastle Rail Station,NWCSTLE
Newcraighall Rail Station,NCRAGHA
Newhaven Harbour Rail Station,NEWHVNH
Newhaven Town Rail Station,NEWHVNT
Newington Rail Station,NEWNGTN
Newmarket Rail Station,NWMKET
Newport (Essex) Rail Station,NEWPRTE
Newport (S Wales) Rail Station,NWPTRTG
Newquay Rail Station,NEWQUAY
Newstead Rail Station,NWSTEAD
Newton (S Lanarks) Rail Station,NWTL
Newton Abbot Rail Station,NABT
Newton Aycliffe Rail Station,NWTA
Newton for Hyde Rail Station,NWTH
Newton St Cyres Rail Station,NSTCYRE
Newton-le-Willows Rail Station,NWTNLW
Newtonmore Rail Station,NWTM
Newton-on-Ayr Rail Station,NWTOA
Newtown (Powys) Rail Station,NWTP
Ninian Park Rail Station,NINIANP
Nitshill Rail Station,NITSH
Norbiton Rail Station,NRBITON
Norbury Rail Station,NORBURY
Normans Bay Rail Station,NRMNSBY
Normanton Rail Station,NORMNTN
North Berwick Rail Station,NBERWCK
North Camp Rail Station,NTHCAMP
North Dulwich Rail Station,NDULWCH
North Fambridge Rail Station,FAMBDGE
North Llanrwst Rail Station,NLANRST
North Queensferry Rail Station,NQNSFRY
North Road Rail Station,NTRD
North Sheen Rail Station,NSHEEN
North Walsham Rail Station,NWALSHM
North Wembley Rail Station,NWEMBLY
Northallerton Rail Station,NLRTN
Northampton Rail Station,NMPTN
Northfield Rail Station,NRTF
Northfleet Rail Station,NRTHFLT
Northolt Park Rail Station,NTHOLTP
Northumberland Park Rail Station,NMBRLPK
Northwich Rail Station,NTHWICH
Norton Bridge Rail Station,NTNB
Norwich Rail Station,NRCH
Norwood Junction Rail Station,NORWDJ
Nottingham Rail Station,NTNG
Nuneaton Rail Station,NNTN
Nunhead Rail Station,NUNHEAD
Nunthorpe Rail Station,NUNTHRP
Nutbourne Rail Station,NUTBORN
Nutfield Rail Station,NUTFILD
Oakengates Rail Station,OAKNGTS
Oakham Rail Station,OAKHAM
Oakleigh Park Rail Station,OKLGHPK
Oban Rail Station,OBAN
Ockendon Rail Station,OCKENDN
Ockley Rail Station,OCKLYAC
Okehampton Rail Station,OKHMPTN
Old Hill Rail Station,OLHL
Old Roan Rail Station,OLDROAN
Old Street Rail Station,OLDST
Oldfield Park Rail Station,OLDFLDP
Oldham Mumps Rail Station (closed),OLDHAMM
Oldham Werneth Rail Station (closed),OLDHAMW
Olton Rail Station,OLTON
Ore Rail Station,OREE
Ormskirk Rail Station,ORMSKRK
Orpington Rail Station,ORPNGTN
Orrell Park Rail Station,ORELPKH
Orrell Rail Station,ORRELL
Otford Rail Station,OTFORD
Oulton Broad North Rail Station,OULTNBN
Oulton Broad South Rail Station,OULTNBS
Outwood Rail Station,OUTWOOD
Overpool Rail Station,OPOL
Overton Rail Station,OVTN
Oxenholme Lake District Rail Station,OXENHLM
Oxford Rail Station,OXFD
Oxshott Rail Station,OXSHOTT
Oxted Rail Station,OXTED
Paddock Wood Rail Station,PKWD
Padgate Rail Station,PADGATE
Paignton Rail Station,PAIGNTN
Paisley Canal Rail Station,PSLYCAN
Paisley Gilmour Street Rail Station,PSLYGST
Paisley St James Rail Station,PSLYSTJ
Palmers Green Rail Station,PALMRSG
Pangbourne Rail Station,PANGBRN
Pannal Rail Station,PANNAL
Pantyffynnon Rail Station,PNTYFYN
Par Rail Station,PARR
Parbold Rail Station,PARBOLD
Park Street Rail Station,PKST
Parkstone (Dorset) Rail Station,PSTONE
Parson Street Rail Station,PARSNST
Partick Rail Station,PTCK
Parton Rail Station,PARTON
Patchway Rail Station,PATCHWY
Patricroft Rail Station,PTRCRFT
Patterton Rail Station,PATERTN
Peartree Rail Station,PEARTRE
Peckham Rye Rail Station,PCKHMRY
Pegswood Rail Station,PEGSWD
Pemberton Rail Station,PBRT
Pembrey & Burry Port Rail Station,PMBRYBP
Pembroke Dock Rail Station,PEMBRKD
Pembroke Rail Station,PEMBROK
Penally Rail Station,PNALLY
Penarth Rail Station,PENARTH
Pencoed Rail Station,PENCOED
Pengam Rail Station,PENGAM
Penge East Rail Station,PNGEE
Penge West Rail Station,PENEW
Penhelig Rail Station,PENHELG
Penistone Rail Station,PENISTN
Penkridge Rail Station,PNKRDG
Penmaenmawr Rail Station,PNMNMWR
Penmere Rail Station,PENMERE
Penrhiwceiber Rail Station,PNRHCBR
Penrhyndeudraeth Rail Station,PRHN
Penrith North Lakes Rail Station,PNTH
Penryn Rail Station,PRYN
Pensarn (Gwynedd) Rail Station,PSRN
Penshurst Rail Station,PNSHRST
Pentre-Bach Rail Station,PNTRBCH
Pen-y-Bont Rail Station,PYBONT
Penyffordd Rail Station,PNYF
Penzance Rail Station,PENZNCE
Perranwell Rail Station,PERANWL
Perry Barr Rail Station,PRYBR
Pershore Rail Station,PERSHOR
Perth Rail Station,PERTH
Peterborough Rail Station,PBRO
Petersfield Rail Station,PTRSFLD
Petts Wood Rail Station,PETSWD
Pevensey & Westham Rail Station,PVNSYAW
Pevensey Bay Rail Station,PVNSYBY
Pewsey Rail Station,PEWSEY
Pilning Rail Station,PILNING
Pinhoe Rail Station,PINHOE
Pitlochry Rail Station,PTLCHRY
Pitsea Rail Station,PITSEA
Pleasington Rail Station,PLSNGTN
Plockton Rail Station,PLOCKTN
Pluckley Rail Station,PLUCKLY
Plumley Rail Station,PLUMLEY
Plumpton Rail Station,PLMPTON
Plumstead Rail Station,PLMS
Plymouth Rail Station,PLYMTH
Pokesdown Rail Station,POKSDWN
Polegate Rail Station,POLGATE
Polesworth Rail Station,PWTH
Pollokshaws East Rail Station,PLKSHWE
Pollokshaws West Rail Station,PLKSHWW
Pollokshields East Rail Station,PLKLHDE
Pollokshields West Rail Station,PLKLHDW
Polmont Rail Station,POLMONT
Polsloe Bridge Rail Station,POLSBDG
Ponders End Rail Station,PNDRSEN
Pontarddulais Rail Station,PNTADLS
Pontefract Baghill Rail Station,PTFTBHL
Pontefract Monkhill Rail Station,PTFTMHL
Pontefract Tanshelf Rail Station,PTFTTSF
Pontlottyn Rail Station,PNTLTYN
Pontyclun Rail Station,PONYCLN
Pont-y-Pant Rail Station,PNYPANT
Pontypool & New Inn Rail Station,PONTYPL
Pontypridd Rail Station,PTYPRID
Poole Rail Station,POOLE
Poppleton Rail Station,POPLTON
Port Glasgow Rail Station,PTGLSGW
Port Sunlight Rail Station,PSLT
Port Talbot Parkway Rail Station,PTALBOT
Portchester Rail Station,PCHESTR
Porth Rail Station,PORH
Porthmadog Harbour Ffestiniog Railway Station,PRTHHBR
Porthmadog Rail Station,PRTHMDG
Portlethen Rail Station,PLTH
Portslade Rail Station,PSLDAWH
Portsmouth & Southsea Rail Station,PSEA
Portsmouth Arms Rail Station,PRTSMTA
Portsmouth Harbour Rail Station,PHBR
Possilpark & Parkhouse Rail Station,POSILPK
Potters Bar Rail Station,POTRSBR
Poulton-le-Fylde Rail Station,PLTNLFY
Poynton Rail Station,POYNTON
Prees Rail Station,PREES
Prescot Rail Station,PRESCOT
Prestatyn Rail Station,PSTA
Prestbury Rail Station,PSBY
Preston Park Rail Station,PRSP
Preston Rail Station,PRST
Prestonpans Rail Station,PPAN
Prestwick Intl Airport Rail Station,PWCKAPT
Prestwick Rail Station,PWCK
Priesthill & Darnley Rail Station,PHLD
Princes Risborough Rail Station,PRINRIS
Prittlewell Rail Station,PRITLWL
Prudhoe Rail Station,PRUDHOE
Pulborough Rail Station,PULBRO
Purfleet Rail Station,PURFLET
Purley Oaks Rail Station,PURLEYO
Purley Rail Station,PURLEY
Putney Rail Station,PUTNEY
Pwllheli Rail Station,PWLHELI
Pyle Rail Station,PYLE
Quakers Yard Rail Station,QUAKRSY
Queenborough Rail Station,QUENBRO
Queens Park (Glasgow) Rail Station,QUNPARK
Queens Park (London) Rail Station,QPRK
Queens Road Peckham Rail Station,PCKHMQD
Queenstown Road (Battersea) Rail Station,QTRDBAT
Quintrell Downs Rail Station,QNTRLDW
Radcliffe (Notts) Rail Station,RADNOT
Radlett Rail Station,RADLETT
Radley Rail Station,RDLEY
Radyr Rail Station,RADYR
Rainford Rail Station,RNFD
Rainham (Kent) Rail Station,RAINHMK
Rainham (London) Rail Station,RNHAME
Rainhill Rail Station,RHIL
Ramsgate Rail Station,RAMSGTE
Ramsgreave & Wilpshire Rail Station,RMSWILP
Rannoch Rail Station,RANNOCH
Rauceby Rail Station,RAUCEBY
Ravenglass Rail Station,RGLS
Ravensbourne Rail Station,RBRN
Ravensthorpe Rail Station,RTHP
Rawcliffe Rail Station,RAWCLIF
Rayleigh Rail Station,RAYLEGH
Raynes Park Rail Station,RAYNSPK
Reading Rail Station,RDNGSTN
Reading West Rail Station,REDGWST
Rectory Road Rail Station,RCTRYRD
Redbridge (Hants) Rail Station,REDBDGE
Redcar Central Rail Station,REDCARC
Redcar East Rail Station,REDCARE
Reddish North Rail Station,REDISHN
Reddish South Rail Station,REDISHS
Redditch Rail Station,RDIT
Redhill Rail Station,REDHILL
Redland Rail Station,REDLAND
Redruth Rail Station,REDRUTH
Reedham (Norfolk) Rail Station,RDHAMN
Reedham (Surrey) Rail Station,REEDHMS
Reigate Rail Station,REIGATE
Renton Rail Station,RENTON
Retford Rail Station,RTFD
Rhiwbina Rail Station,RHIWBNA
Rhoose Rail Station,RHOOSE
Rhosneigr Rail Station,RHOSNGR
Rhyl Rail Station,RHYL
Rhymney Rail Station,RHYMNEY
Ribblehead Rail Station,RIBLHED
Rice Lane Rail Station,RICELA
Richmond (London) Rail Station,RICHMND
Rickmansworth Rail Station,RCKMNSW
Riddlesdown Rail Station,RDLSDWN
Ridgmont Rail Station,RIDGMNT
Riding Mill Rail Station,RIDNGML
Risca & Pontymister Rail Station,RISCA
Rishton Rail Station,RISHTON
Robertsbridge Rail Station,RBRTSBD
Roby Rail Station,ROBY
Rochdale Rail Station,RCHDALE
Roche Rail Station,RCHE
Rochester Rail Station,RCHT
Rochford Rail Station,ROCHFD
Rock Ferry Rail Station,ROCKFRY
Rogart Rail Station,ROGART
Rogerstone Rail Station,ROGRSTN
Rolleston Rail Station,ROLSTN
Roman Bridge Rail Station,ROMANBG
Romford Rail Station,ROMFORD
Romiley Rail Station,ROMILEY
Romsey Rail Station,ROMSEY
Roose Rail Station,ROOSE
Rose Grove Rail Station,ROSG
Rose Hill Marple Rail Station,ROHL
Rosyth Rail Station,ROSYTH
Rotherham Central Rail Station,ROTHCEN
Rotherhithe Rail Station,RTHERHI
Roughton Road Rail Station,RGHTNRD
Rowlands Castle Rail Station,RWLNDSC
Rowley Regis Rail Station,ROWLEYR
Roy Bridge Rail Station,ROYBDGE
Roydon Rail Station,ROYDON
Royston Rail Station,ROYSTON
Ruabon Rail Station,RUABON
Rufford Rail Station,RUFDORD
Rugby Rail Station,RUGBY
Rugeley Town Rail Station,RUGLTWN
Rugeley Trent Valley Rail Station,RUGL
Runcorn East Rail Station,RUNCRNE
Runcorn Rail Station,RUNCORN
Ruskington Rail Station,RSKNGTN
Ruswarp Rail Station,RUSWARP
Rutherglen Rail Station,RTHGLEN
Ryde Esplanade Rail Station,RYDE
Ryde Pier Head Rail Station,RYDP
Ryde St Johns Road Rail Station,RYDS
Ryder Brow Rail Station,RYDRBRW
Rye House Rail Station,RYEHOUS
Rye Rail Station,RYEE
Salford Central Rail Station,SLFDORD
Salford Crescent Rail Station,SLFDCT
Salfords (Surrey) Rail Station,SALFDS
Salhouse Rail Station,SALHOUS
Salisbury Rail Station,SLSBRY
Saltaire Rail Station,SAIR
Saltash Rail Station,SASH
Saltburn Rail Station,SBRN
Saltcoats Rail Station,SLCT
Saltmarshe Rail Station,SLTMRSH
Salwick Rail Station,SALWICK
Sampford Courtenay Rail Station,SAMPCRT
Sandal & Agbrigg Rail Station,SABR
Sandbach Rail Station,SBCH
Sanderstead Rail Station,SDSD
Sandhills Rail Station,SANDH
Sandhurst Rail Station,SNDHRST
Sandling Rail Station,SDLG
Sandown Rail Station,SNDOWN
Sandplace Rail Station,SDPLACE
Sandwell & Dudley Rail Station,SNDWDUD
Sandwich Rail Station,SWCH
Sandy Rail Station,SNDY
Sankey for Penketh Rail Station,SANKEY
Sanquhar Rail Station,SANQHAR
Sarn Rail Station,SARN
Saundersfoot Rail Station,SDRSFOT
Saunderton Rail Station,SUNDRTN
Sawbridgeworth Rail Station,SBDGWTH
Saxilby Rail Station,SAXILBY
Saxmundham Rail Station,SXMNDHM
Scarborough Rail Station,SCARBRO
Scotscalder Rail Station,SCSCLDR
Scotstounhill Rail Station,SCTSTNH
Scunthorpe Rail Station,SCNTHRP
Sea Mills Rail Station,SEMILLS
Seaburn Rail Station,SEABURN
Seaford Rail Station,SEAFORD
Seaforth & Litherland Rail Station,SFRTHAL
Seaham Rail Station,SEAHAM
Seamer Rail Station,SEAMER
Seascale Rail Station,SEASCAL
Seaton Carew Rail Station,SETNCRW
Seer Green Rail Station,SEERGRN
Selby Rail Station,SELBY
Selhurst Rail Station,SELHRST
Sellafield Rail Station,SELAFLD
Selling Rail Station,SELLING
Selly Oak Rail Station,SELYOAK
Settle Rail Station,SETTLE
Seven Kings Rail Station,SVNKNGS
Seven Sisters Rail Station,SEVNSIS
Sevenoaks Rail Station,SVNOAKS
Severn Beach Rail Station,SVRNBCH
Severn Tunnel Junction Rail Station,SEVTNLJ
Shadwell Rail Station,SHADWEL
Shalford (Surrey) Rail Station,SHALFD
Shanklin Rail Station,SHANKLN
Shaw & Crompton Rail Station (closed),SHCRPTN
Shawford Rail Station,SHAWFD
Shawlands Rail Station,SHWLNDS
Sheerness-on-Sea Rail Station,SHRNSOS
Sheffield Rail Station,SHEFFLD
Shelford (Cambs) Rail Station,SHELFD
Shenfield Rail Station,SHENFLD
Shenstone Rail Station,SHNS
Shepherds Bush Rail Station,SHPDSB
Shepherds Well Rail Station,SWELL
Shepley Rail Station,SPLY
Shepperton Rail Station,SHEPRTN
Shepreth Rail Station,SHPRTH
Sherborne Rail Station,SHERBRN
Sherburn-in-Elmet Rail Station,SHBN
Sheringham Rail Station,SHRGHAM
Shettleston Rail Station,SHTLSTN
Shieldmuir Rail Station,SHILDMR
Shifnal Rail Station,SHIFNAL
Shildon Rail Station,SHDN
Shiplake Rail Station,SHPLAKE
Shipley Rail Station,SHPY
Shippea Hill Rail Station,SPHL
Shipton Rail Station,SPTN
Shirebrook Rail Station,SHRBROK
Shirehampton Rail Station,SHAMPTN
Shireoaks Rail Station,SHRKSKS
Shirley Rail Station,SHIRLEY
Shoeburyness Rail Station,SHBRYNS
Sholing Rail Station,SHOLING
Shoreditch High Street Rail Station,SHRDHST
Shoreham (Kent) Rail Station,SHRMKT
Shoreham-by-Sea (Sussex) Rail Station,SHRHMBS
Shortlands Rail Station,SHRTLND
Shotton Rail Station,SHOTTON
Shotts Rail Station,SHTT
Shrewsbury Rail Station,SHRWBY
Sidcup Rail Station,SIDCUP
Sileby Rail Station,SILEBY
Silecroft Rail Station,SILCRFT
Silkstone Common Rail Station,SKSCMN
Silver Street Rail Station,SIVRST
Silverdale Rail Station,SDAL
Singer Rail Station,SINGER
Sittingbourne Rail Station,STNGBRN
Skegness Rail Station,SKEGNES
Skewen Rail Station,SKEWEN
Skipton Rail Station,SKPT
Slade Green Rail Station,SLADEGN
Slaithwaite Rail Station,SLTHWTE
Slateford Rail Station,SLATEFD
Sleaford Rail Station,SLEFD
Sleights Rail Station,SLEGHTS
Slough Rail Station,SLOUGH
Small Heath Rail Station,SMLHTH
Smallbrook Junction Rail Station,SMALBRK
Smethwick Galton Bridge High Level Rail Station,GALTINT
Smethwick Rolfe Street Rail Station,SMTHKRS
Smitham (Coulsdon Town) Rail Station,SMITHAM
Smithy Bridge Rail Station,SMBG
Snaith Rail Station,SNAITH
Snodland Rail Station,SNODLND
Snowdown Rail Station,SNWDNAN
Sole Street Rail Station,SOLEST
Solihull Rail Station,SOLIHUL
Somerleyton Rail Station,SMRLYTN
South Acton Rail Station,SACTON
South Bank Rail Station,STHBANK
South Bermondsey Rail Station,SBRMNDS
South Croydon Rail Station,SCROYDN
South Elmsall Rail Station,SELMSAL
South Greenford Rail Station,SGFORD
South Gyle Rail Station,STHGYLE
South Hampstead Rail Station,SHMPSTD
South Kenton Rail Station,SKENTON
South Merton Rail Station,SMERTON
South Milford Rail Station,SMILFD
South Ruislip Rail Station,SRUISLP
South Tottenham Rail Station,STOTNHM
South Wigston Rail Station,WGSTS
South Woodham Ferrers Rail Station,WDHAMFR
Southall Rail Station,STHALL
Southampton Airport Parkway Rail Station,SOTPKWY
Southampton Central Rail Station,SOTON
Southampton Town Quay,SOTNTQ
Southbourne Rail Station,SBOURNE
Southbury Rail Station,SBURY
Southease Rail Station,SESARDM
Southend Airport Rail Station,STHEAIR
Southend Central Rail Station,STHCENT
Southend East Rail Station,STHNDE
Southend Victoria Rail Station,STHVIC
Southminster Rail Station,SMINSTR
Southport Rail Station,SOUTHPT
Southsea Hoverport,SSEACLE
Southwick Rail Station,STHWICK
Sowerby Bridge Rail Station,SWRBBDG
Spalding Rail Station,SPALDNG
Spean Bridge Rail Station,SPEANBD
Spital Rail Station,SPITAL
Spondon Rail Station,SPDN
Spooner Row Rail Station,SPONRRW
Spring Road Rail Station,SPRD
Springburn Rail Station,SPRNGBN
Springfield Rail Station,SPFD
Squires Gate Rail Station,SQUIRES
St Albans Abbey Rail Station,STALBNA
St Albans Rail Station,STALBCY
St Andrews Road Rail Station,SADWRD
St Annes-on-the-Sea Rail Station,STAS
St Austell Rail Station,STAUSTL
St Bees Rail Station,STBEES
St Budeaux Ferry Road Rail Station,STBDXFR
St Budeaux Victoria Road Rail Station,STBDXVR
St Columb Road Rail Station,STCLMBR
St Denys Rail Station,STDENYS
St Erth Rail Station,STERTH
St Germans Rail Station,STGRMNS
St Helens Central Rail Station,STHLNSC
St Helens Junction Rail Station,STHLNSJ
St Helier (London) Rail Station,SHLIER
St Ives (Cornwall) Rail Station,STIVES
St James Park (Devon) Rail Station,STJAMSP
St James Street (London) Rail Station,STJMSST
St Johns (London) Rail Station,STJOHNS
St Keyne Wishing Well Halt (Rail Station),STKEYNE
St Leonards Warrior Square Rail Station,STLNRWS
St Margarets (Herts) Rail Station,SMARGRT
St Margarets (London) Rail Station,STMGTS
St Mary Cray Rail Station,STMRYC
St Michaels Rail Station,STMCHLS
St Neots Rail Station,STNEOTS
St Peters Rail Station,SNDRMNK
Stafford Rail Station,STAFFRD
Staines Rail Station,STAINES
Stallingborough Rail Station,SBROUGH
Stalybridge Rail Station,SBYD
Stamford Hill Rail Station,STMFDHL
Stamford Rail Station,STAMFD
Stanford-le-Hope Rail Station,SLEHOPE
Stanhope Rail Station,SHPE
Stanlow & Thornton Rail Station,STNLWAT
Stansted Airport Rail Station,STANAIR
Stansted Mountfitchet Rail Station,STANMFC
Staplehurst Rail Station,SPHS
Stapleton Road Rail Station,STPLTNR
Starbeck Rail Station,STARBCK
Starcross Rail Station,STRCROS
Staveley Rail Station,STAVELY
Stechford Rail Station,STECHFD
Steeton & Silsden Rail Station,STEETON
Stepps Rail Station,STEPPS
Stevenage Rail Station,STEVNGE
Stevenston Rail Station,STVNSTN
Stewartby Rail Station,STWRTBY
Stewarton Rail Station,STEWRTN
Stirling Rail Station,STIRLNG
Stockport Rail Station,STKP
Stocksfield Rail Station,STCKSFL
Stocksmoor Rail Station,STKSMR
Stockton Rail Station,STOCTON
Stoke Mandeville Rail Station,STKM
Stoke Newington Rail Station,STKNWNG
Stoke-on-Trent Rail Station,STOKEOT
Stone Crossing Rail Station,STCR
Stone Rail Station,STONE
Stonebridge Park Rail Station,STNBGPK
Stonegate Rail Station,SNGT
Stonehaven Rail Station,SHVN
Stonehouse Rail Station,STNHSE
Stoneleigh Rail Station,STLEIGH
Stourbridge Junction Rail Station,STRBDGJ
Stourbridge Town Rail Station,STRBDGT
Stowmarket Rail Station,STWMRKT
Stranraer Rail Station,STRNRR
Stratford (London) Rail Station,STFD
Stratford International Rail Station,STFODOM
Stratford-upon-Avon Rail Station,SOAV
Strathcarron Rail Station,STCN
Strawberry Hill Rail Station,STRWBYH
Streatham Common Rail Station,STRHCOM
Streatham Hill Rail Station,STRHILL
Streatham Rail Station,STRETHM
Streethouse Rail Station,STHS
Strines Rail Station,STRINES
Stromeferry Rail Station,STRMFRY
Strood Rail Station,STROOD
Stroud (Glos) Rail Station,STRUD
Sturry Rail Station,STURRY
Styal Rail Station,STYAL
Sudbury & Harrow Road Rail Station,SDBRYHR
Sudbury (Suffolk) Rail Station,SUDBURY
Sudbury Hill Harrow Rail Station,SDBRYHH
Sugar Loaf Rail Station,SGRLOAF
Summerston Rail Station,SUMRSTN
Sunbury Rail Station,SUNBURY
Sunderland Rail Station,SNDRLND
Sundridge Park Rail Station,SNDP
Sunningdale Rail Station,SUNNGDL
Sunnymeads Rail Station,SUNYMDS
Surbiton Rail Station,SURBITN
Surrey Quays Rail Station,SURREYQ
Sutton (London) Rail Station,SUTTON
Sutton Coldfield Rail Station,SUTCO
Sutton Common Rail Station,SUTTONC
Sutton Parkway Rail Station,STTNPWY
Swale Rail Station,SWALE
Swanley Rail Station,SWLY
Swanscombe Rail Station,SWNSCMB
Swansea Rail Station,SWANSEA
Swanwick Rail Station,SWNWICK
Sway Rail Station,SWAY
Swaythling Rail Station,SWYTHLN
Swinderby Rail Station,SWNDRBY
Swindon Rail Station,SDON
Swineshead Rail Station,SWSHEAD
Swinton (Manchester) Rail Station,SWNT
Swinton (South Yorks) Rail Station,SWINTN
Sydenham Hill Rail Station,SYDNHMH
Sydenham Rail Station,SYDENHM
Syon Lane Rail Station,SYONLA
Syston Rail Station,SYSTON
Tackley Rail Station,TACKLEY
Tadworth Rail Station,TADWTH
Taffs Well Rail Station,TAFFSWL
Tain Rail Station,TAIN
Talsarnau Rail Station,TLSRNAU
Talybont Rail Station,TALB
Tal-y-Cafn Rail Station,TALYCFN
Tame Bridge Parkway Rail Station,TAMEBDG
Tamworth High Level Rail Station,TMWTHHL
Tamworth Rail Station,TMWTHLL
Taplow Rail Station,TAPLOW
Tattenham Corner Rail Station,TATNHMC
Taunton Rail Station,TAUNTON
Taynuilt Rail Station,TAYNULT
Teddington Rail Station,TEDNGTN
Tees-side Airport Rail Station,TSDARPR
Teignmouth Rail Station,TEINMTH
Telford Central Rail Station,TELFRDC
Templecombe Rail Station,TMPCMB
Tenby Rail Station,TENBY
Teynham Rail Station,TEYNHAM
Thames Ditton Rail Station,TDITTON
Thatcham Rail Station,THATCHM
Thatto Heath Rail Station,THHT
The Hawthorns Rail Station,HNDSHWT
The Lakes Rail Station,THELAKS
Theale Rail Station,THEALE
Theobalds Grove Rail Station,THBLDSG
Thetford Rail Station,THETFD
Thirsk Rail Station,THIRSK
Thornaby Rail Station,TABY
Thorne North Rail Station,THORNEN
Thorne South Rail Station,THORNES
Thornford Rail Station,THFORD
Thornliebank Rail Station,THLB
Thornton Abbey Rail Station,THABBEY
Thornton Heath Rail Station,THTH
Thorntonhall Rail Station,THAL
Thorpe Bay Rail Station,THOPBAY
Thorpe Culvert Rail Station,TCULVRT
Thorpe-le-Soken Rail Station,THPLESK
Three Bridges Rail Station,THBDGS
Three Oaks Rail Station,THOK
Thurgarton Rail Station,THRGRTN
Thurnscoe Rail Station,TRNO
Thurso Rail Station,THURSO
Thurston Rail Station,THUSTON
Tilbury Town Rail Station,TLBYTWN
Tile Hill Rail Station,TILEH
Tilehurst Rail Station,TILHRST
Tipton Rail Station,TIPTON
Tir-phil Rail Station,TIRPHIL
Tisbury Rail Station,TISBURY
Tiverton Parkway Rail Station,TIVIPW
Todmorden Rail Station,TODMRDN
Tolworth Rail Station,TOLWTH
Ton Pentre Rail Station,TONPNTR
Tonbridge Rail Station,TONBDG
Tondu Rail Station,TONDU
Tonfanau Rail Station,TONFNAU
Tonypandy Rail Station,TNYPNDY
Tooting Rail Station,TOOTING
Topsham Rail Station,TOPSHAM
Torquay Rail Station,TORQUAY
Torre Rail Station,TORRE
Totnes Rail Station,TOTNES
Tottenham Hale Rail Station,TTNHMHL
Totton Rail Station,TOTTON
Town Green Rail Station,TOWNGRN
Trafford Park Rail Station,TRFDPK
Trefforest Estate Rail Station,TRFRSTE
Trefforest Rail Station,TREFRST
Trehafod Rail Station,TREHAFD
Treherbert Rail Station,TREHRBT
Treorchy Rail Station,TREORCY
Trimley Rail Station,TRIMLEY
Tring Rail Station,TRING
Troed-y-Rhiw Rail Station,TRDYRHW
Troon Rail Station,TROON
Trowbridge Rail Station,TRWBRDG
Truro Rail Station,TRURO
Tulloch Rail Station,TULLOCH
Tulse Hill Rail Station,TULSEH
Tunbridge Wells Rail Station,TUNWELL
Turkey Street Rail Station,TURKYST
Tutbury & Hatton Rail Station,TUTBURY
Twickenham Rail Station,TWCKNHM
Twyford Rail Station,TWYFORD
Ty Croes Rail Station,TYCROES
Ty Glas Rail Station,TYGLAS
Tygwyn Rail Station,TYGWYN
Tyndrum Lower Rail Station,TYNDRML
Tyseley Rail Station,TYSL
Tywyn Rail Station,TYWYN
Uckfield Rail Station,UCKFILD
Uddingston Rail Station,UDNGSTN
Ulceby Rail Station,ULCEBY
Ulleskelf Rail Station,ULESKLF
Ulverston Rail Station,ULVRSTN
Umberleigh Rail Station,UMBRLGH
University Rail Station,UNVRSYB
Uphall Rail Station,UPHALL
Upholland Rail Station,UPHOLND
Upminster Rail Station,UPMNSTR
Upper Halliford Rail Station,UHALIFD
Upper Holloway Rail Station,UPRHLWY
Upper Tyndrum Rail Station,TYNDRMU
Upper Warlingham Rail Station,UWRLNGH
Upton Rail Station,UPTON
Upwey Rail Station,UPWEY
Urmston Rail Station,URMSTON
Uttoxeter Rail Station,UTOXETR
Valley Rail Station,VALLEY
Virginia Water Rail Station,VRGNWTR
Waddon Rail Station,WADDON
Wadhurst Rail Station,WADHRST
Wainfleet Rail Station,WAINFLT
Wakefield Kirkgate Rail Station,WKFLDKG
Wakefield Westgate Rail Station,WKFLDWG
Walkden Rail Station,WALKDEN
Wallasey Grove Road Rail Station,WALAGRD
Wallasey Village Rail Station,WALASYV
Wallington Rail Station,WALNGTN
Wallyford Rail Station,WALLYFD
Walmer Rail Station,WALMER
Walsall Rail Station,WALSALL
Walsden Rail Station,WDEN
Waltham Cross Rail Station,WALHAMX
Walthamstow Central Rail Station,WLTWCEN
Walthamstow Queens Road Rail Station,WLTHQRD
Walton (Merseyside) Rail Station,WALTONM
Walton-on-Thames Rail Station,WONT
Walton-on-the-Naze Rail Station,WONNAZE
Wanborough Rail Station,WANBRO
Wandsworth Common Rail Station,WANDCMN
Wandsworth Road Rail Station,WNDSWRD
Wandsworth Town Rail Station,WDWTOWN
Wanstead Park Rail Station,WNSTDPK
Wapping Rail Station,WAPPING
Warblington Rail Station,WRBLNGT
Ware Rail Station,WARE
Wareham Rail Station,WARHAM
Wargrave Rail Station,WARGRAV
Warminster Rail Station,WRMNSTR
Warnham Rail Station,WARNHAM
Warrington Bank Quay Rail Station,WRGTNBQ
Warrington Central Rail Station,WRGT
Warwick Parkway Rail Station,WARWPWY
Warwick Rail Station,WARWICK
Water Orton Rail Station,WTRORTN
Waterbeach Rail Station,WATBECH
Wateringbury Rail Station,WTRNGBY
Waterloo (Merseyside) Rail Station,WLOO
Watford High Street Rail Station,WATFDHS
Watford Junction Rail Station,WATFDJ
Watford North Rail Station,WATFDN
Watlington Rail Station,WATLGTN
Watton-at-Stone Rail Station,WATONAS
Waun-gron Park Rail Station,WAUNGRN
Wavertree Technology Park Rail Station,WVRTTEC
Wedgwood Rail Station,WEDGWD
Weeley Rail Station,WEELEY
Weeton Rail Station,WEETON
Welham Green Rail Station,WELHAMG
Welling Rail Station,WELLING
Wellingborough Rail Station,WLNGBRO
Wellington (Shropshire) Rail Station,WELNGTN
Welshpool Rail Station,WELSHPL
Welwyn Garden City Rail Station,WLWYNGC
Welwyn North Rail Station,WLWYNN
Wem Rail Station,WEMM
Wembley Central Rail Station,WMBY
Wembley Stadium Rail Station,WEMBLSM
Wemyss Bay Rail Station,WEMYSSB
Wendover Rail Station,WENDOVR
Wennington Rail Station,WENNGTN
West Allerton Rail Station,WALERTN
West Brompton Rail Station,WBRMPTN
West Byfleet Rail Station,WBYFLET
West Calder Rail Station,WCALDER
West Croydon Rail Station,WCROYDN
West Drayton Rail Station,WDRYTON
West Dulwich Rail Station,WDULWCH
West Ealing Rail Station,WEALING
West Ham Rail Station,WHAMHL
West Hampstead Rail Station,WHMDSTD
West Hampstead Thameslink Rail Station,WHMPSTM
West Horndon Rail Station,WHORNDN
West Kilbride Rail Station,WKILBRD
West Kirby Rail Station,WKIRBY
West Malling Rail Station,WMALING
West Norwood Rail Station,WNORWOD
West Ruislip Rail Station,WRUISLP
West Runton Rail Station,WRUNTON
West St Leonards Rail Station,WSLE
West Sutton Rail Station,WSUTTON
West Wickham Rail Station,WWICKHM
West Worthing Rail Station,WWRTHNG
Westbury (Wilts) Rail Station,WSTBRYW
Westcliff-on-Sea Rail Station,WCLIFF
Westcombe Park Rail Station,WCOMBEP
Westenhanger Rail Station,WENHNGR
Wester Hailes Rail Station,WHAILES
Westerfield Rail Station,WSTRFLD
Westerton Rail Station,WESTRTN
Westgate-on-Sea Rail Station,WESGTOS
Westhoughton Rail Station,WSTHOTN
Weston Milton Rail Station,WMILTON
Weston-super-Mare Rail Station,WSMARE
Wetheral Rail Station,WETHERL
Weybridge Rail Station,WEYBDGE
Weymouth Rail Station,WEYMTH
Whaley Bridge Rail Station,WHALYBG
Whalley Rail Station,WHALLEY
Whatstandwell Rail Station,WATSTND
Whifflet Rail Station,WHIFLET
Whimple Rail Station,WHIMPLE
Whinhill Rail Station,WHINH
Whiston Rail Station,WHISTON
Whitby Rail Station,WTBY
Whitchurch (Cardiff) Rail Station,WHCH
Whitchurch (Hants) Rail Station,WHTCHRH
Whitchurch (Shrops) Rail Station,WCHR
White Hart Lane Rail Station,WHHRTLA
White Notley Rail Station,WNOTLEY
Whitecraigs Rail Station,WTCR
Whitehaven Rail Station,WHITHVN
Whitland Rail Station,WHLAND
Whitley Bridge Rail Station,WHTBDGE
Whitlocks End Rail Station,WHLE
Whitstable Rail Station,WHSTBLE
Whittlesea Rail Station,WHTLSEA
Whittlesford Parkway Rail Station,WTLESFD
Whitton Rail Station,WHTTON
Whitwell (Derbys) Rail Station,WHWLL
Whyteleafe Rail Station,WHYTELF
Whyteleafe South Rail Station,WHYTLFS
Wick Rail Station,WICK
Wickford Rail Station,WIKFORD
Wickham Market Rail Station,WCKHMMR
Widdrington Rail Station,WDRNGTN
Widnes Rail Station,WIDNES
Widney Manor Rail Station,WDNYMNR
Wigan North Western Rail Station,WIGANNW
Wigan Wallgate Rail Station,WIGANWL
Wigton Rail Station,WIGTON
Wildmill Rail Station,WLDMILL
Williamwood Rail Station,WMWD
Willington Rail Station,WLNTNON
Wilmcote Rail Station,WILMCOT
Wilmslow Rail Station,WLMSL
Wilnecote (Staffs) Rail Station,WILNECT
Wimbledon Chase Rail Station,WIMLCHS
Wimbledon Rail Station,WIMBLDN
Winchelsea Rail Station,WINCHLS
Winchester Rail Station,WNCHSTR
Winchfield Rail Station,WNCFILD
Winchmore Hill Rail Station,WNMHILL
Windermere Rail Station,WMER
Windsor & Eton Central Rail Station,WINDSEC
Windsor & Eton Riverside Rail Station,WSORAER
Winnersh Rail Station,WINERSH
Winnersh Triangle Rail Station,WINETGL
Winsford Rail Station,WNSFD
Wishaw Rail Station,WISHAW
Witham (Essex) Rail Station,WITHAME
Witley Rail Station,WITLEY
Witton (West Midlands) Rail Station,WITTON
Wivelsfield Rail Station,WVLSFLD
Wivenhoe Rail Station,WIVENHO
Woburn Sands Rail Station,WOBURNS
Woking Rail Station,WOKING
Wokingham Rail Station,WOKNGHM
Woldingham Rail Station,WLDNGHM
Wolsingham Rail Station,WOLSHAM
Wolverhampton Rail Station,WVRMPTN
Wolverton Rail Station,WLVR
Wombwell Rail Station,WOMBWEL
Wood End Rail Station,WDND
Wood Street Rail Station,WDST
Woodbridge Rail Station,WODBDGE
Woodgrange Park Rail Station,WDGRNPK
Woodhall Rail Station,WHHL
Woodhouse Rail Station,WDHOUSE
Woodlesford Rail Station,WDLESFD
Woodley Rail Station,WOODLEY
Woodmansterne Rail Station,WDMNSTR
Woodsmoor Rail Station,WMOR
Wool Rail Station,WOOL
Woolston Rail Station,WOLSTON
Woolwich Arsenal Rail Station,WOLWCHA
Woolwich Dockyard Rail Station,WOLWCDY
Wootton Wawen Rail Station,WOTONWN
Worcester Foregate Street Rail Station,WORCSFS
Worcester Park Rail Station,WRCSTRP
Worcester Shrub Hill Rail Station,WORCSSH
Workington Rail Station,WKNT
Worksop Rail Station,WORKSOP
Worle Rail Station,WORLE
Worplesdon Rail Station,WRPLSDN
Worstead Rail Station,WORSTED
Worthing Rail Station,WORTHNG
Wrabness Rail Station,WRABNES
Wraysbury Rail Station,WRYSBRY
Wrenbury Rail Station,WRENBRY
Wressle Rail Station,WRESSLE
Wrexham Central Rail Station,WREXHMC
Wrexham General Rail Station,WREXHMG
Wye Rail Station,WYEE
Wylam Rail Station,WYLAM
Wylde Green Rail Station,WYGN
Wymondham Rail Station,WYMNDHM
Wythall Rail Station,WYTH
Yalding Rail Station,YALDING
Yardley Wood Rail Station,YRDLYWD
Yarm Rail Station,YAAM
Yate Rail Station,YATE
Yatton Rail Station,YATTON
Yeoford Rail Station,YEOFORD
Yeovil Junction Rail Station,YOVILJN
Yeovil Pen Mill Rail Station,YOVILPM
Yetminster Rail Station,YTMNSTR
Ynyswen Rail Station,YNYSWEN
Yoker Rail Station,YOKER
York Rail Station,YORK
Yorton Rail Station,YORTON
Ystrad Mynach Rail Station,YSTRADM
Ystrad Rhondda Rail Station,YTRHOND
